Compound_Name,SMILES_PubChem,logKp(cm/h),logKp(cm/s),Ref,T_K,Anatomical_location,Diffusion_cell,Receptor_medium,can_SMILES
Bromoform,C(Br)(Br)Br,-0.67,-4.23,28,305.15,Human Abdominal Skin,Static,PBS/isotonic saline/Physiological saline,BrC(Br)Br
Gamma-Hbcdd,C1CC(C(CCC(C(CCC(C1Br)Br)Br)Br)Br)Br,-0.08,-3.64,21,305.15,Abdominal/Back/Breast Human Skin,Stirred,aqueous solution / phosphate buffer,BrC1CCC(Br)C(Br)CCC(Br)C(Br)CCC1Br
Tbp-Dbpe,C1=C(C(=C(C(=C1Br)OC2=C(C=C(C(=C2Br)CC(CBr)Br)Br)Br)Br)CC(CBr)Br)Br,0.05,-3.51,21,305.15,Abdominal/Back/Breast Human Skin,Stirred,aqueous solution / phosphate buffer,BrCC(Br)Cc1c(Br)cc(Br)c(Oc2c(Br)cc(Br)c(CC(Br)CBr)c2Br)c1Br
Benzyl Bromide,C1=CC=C(C=C1)CBr,-1.89,-5.45,26,305.15,Human Abdominal Skin,Static,PBS (pH 7.4) + 0.02% sodium azide,BrCc1ccccc1
Β-Hexabromocyclododecane,C1C[C@H]([C@H](CC[C@H]([C@H](CC[C@H]([C@@H]1Br)Br)Br)Br)Br)Br,-3.83,-7.39,55,305.15,"Surgery, Breast",Static Franz Cell,DMEM based culture medium and 5% BSA,Br[C@@H]1CC[C@@H](Br)[C@@H](Br)CC[C@@H](Br)[C@@H](Br)CC[C@H]1Br
Γ-Hexabromocyclododecane,C1C[C@H]([C@H](CC[C@@H]([C@@H](CC[C@H]([C@@H]1Br)Br)Br)Br)Br)Br,-3.86,-7.42,55,305.15,"Surgery, Breast",Static Franz Cell,DMEM based culture medium and 5% BSA,Br[C@@H]1CC[C@@H](Br)[C@@H](Br)CC[C@H](Br)[C@H](Br)CC[C@H]1Br
Α-Hexabromocyclododecane,C1C[C@H]([C@H](CC[C@H]([C@@H](CC[C@@H]([C@@H]1Br)Br)Br)Br)Br)Br,-3.67,-7.22,55,305.15,"Surgery, Breast",Static Franz Cell,DMEM based culture medium and 5% BSA,Br[C@@H]1CC[C@H](Br)[C@H](Br)CC[C@@H](Br)[C@@H](Br)CC[C@H]1Br
Dbdpe,C(CC1=C(C(=C(C(=C1Br)Br)Br)Br)Br)C2=C(C(=C(C(=C2Br)Br)Br)Br)Br,-0.1,-3.66,21,305.15,Abdominal/Back/Breast Human Skin,Stirred,aqueous solution / phosphate buffer,Brc1c(Br)c(Br)c(CCc2c(Br)c(Br)c(Br)c(Br)c2Br)c(Br)c1Br
Btbpe,C1=C(C=C(C(=C1Br)OCCOC2=C(C=C(C=C2Br)Br)Br)Br)Br,-0.06,-3.62,21,305.15,Abdominal/Back/Breast Human Skin,Stirred,aqueous solution / phosphate buffer,Brc1cc(Br)c(OCCOc2c(Br)cc(Br)cc2Br)c(Br)c1
"1,6-Hexanediol Diglycidyl Ether",C1C(O1)COCCCCCCOCC2CO2,-3.87,-7.43,38,305.15,Breast,"Flow-
Through",Hanks’ balanced salt solution (HBSS) + 25 mM HEPES (pH 7.4) + 2.5% BSA + Gentamicin 50 µg/mL,C(CCCOCC1CO1)CCOCC1CO1
"1,2-Dichloropropene",C/C(=C/Cl)/Cl,-2.0,-5.56,3,305.15,Abdominal Human Skin,Static/Stirred,Phosphate-buffered saline,C/C(Cl)=C/Cl
Isoeugenol,C/C=C/C1=CC(=C(C=C1)O)OC,-1.71,-5.27,26,305.15,Human Abdominal Skin,Static,PBS (pH 7.4) + 0.02% sodium azide,C/C=C/c1ccc(O)c(OC)c1
Tetrahydrofuran,C1CCOC1,-1.95,-5.51,28,305.15,Human Abdominal Skin,Static,PBS/isotonic saline/Physiological saline,C1CCOC1
Morpholine,C1COCCN1,-3.86,-7.42,3,305.15,Abdominal Human Skin,Static/Stirred,phosphate-buffered saline,C1COCCN1
Dioxane,C1COCCO1,-3.45,-7.01,3,305.15,Abdominal Human Skin,Static/Stirred,phosphate-buffered saline,C1COCCO1
Methyl Acrylic Acid,CC(=C)C(=O)O,-2.58,-6.14,3,305.15,Abdominal Human Skin,Static/Stirred,phosphate-buffered saline,C=C(C)C(=O)O
Acrylonitrile,C=CC#N,-2.87,-6.43,3,305.15,Abdominal Human Skin,Static/Stirred,phosphate-buffered saline,C=CC#N
Acrylic Acid,C=CC(=O)O,-3.05,-6.61,3,305.15,Abdominal Human Skin,Static/Stirred,phosphate-buffered saline,C=CC(=O)O
Methyl Acrylate,C=CC(=O)OC,-2.68,-6.24,3,305.15,Abdominal Human Skin,Static/Stirred,phosphate-buffered saline,C=CC(=O)OC
Ethyl Acrylate,C=CC(=O)OCC,-2.39,-5.95,3,305.15,Abdominal Human Skin,Static/Stirred,phosphate-buffered saline,C=CC(=O)OCC
2-Ethylhexyl Acrylate,CCCCC(CC)COC(=O)C=C,-1.82,-5.38,26,305.15,Human Abdominal Skin,Static,PBS (pH 7.4) + 0.02% sodium azide,C=CC(=O)OCC(CC)CCCC
Butyl Acrylate,CCCCOC(=O)C=C,-2.0,-5.56,3,305.15,Abdominal Human Skin,Static/Stirred,phosphate-buffered saline,C=CC(=O)OCCCC
Acrolein,C=CC=O,-3.07,-6.63,3,305.15,Abdominal Human Skin,Static/Stirred,phosphate-buffered saline,C=CC=O
Allyl Alcohol,C=CCO,-2.95,-6.51,3,305.15,Abdominal Human Skin,Static/Stirred,phosphate-buffered saline,C=CCO
Oxprenolol,CC(C)NCC(COC1=CC=CC=C1OCC=C)O,-2.81,-6.37,5,305.15,Abdominal Human Skin,Static,isotonic phosphate buffer,C=CCOc1ccccc1OCC(O)CNC(C)C
Eugenol,COC1=C(C=CC(=C1)CC=C)O,-1.63,-5.18,26,305.15,Human Abdominal Skin,Static,PBS (pH 7.4) + 0.02% sodium azide,C=CCc1ccc(O)c(OC)c1
Alprenolol,CC(C)NCC(COC1=CC=CC=C1CC=C)O,-1.74,-5.3,14,305.15,Human Abdominal Skin,Static,PBS/Saline,C=CCc1ccccc1OCC(O)CNC(C)C
Vinyl Acetate,CC(=O)OC=C,-2.73,-6.29,3,305.15,Abdominal Human Skin,Static/Stirred,phosphate-buffered saline,C=COC(C)=O
Styrene,C=CC1=CC=CC=C1,-0.19,-3.75,1,305.15,Human Abdominal Skin,Static/Flow/Side-By-Side,phosphate-buffered saline/physiological saline,C=Cc1ccccc1
Formaldehyde,C=O,-2.65,-6.21,3,305.15,Abdominal Human Skin,Static/Stirred,phosphate-buffered saline,C=O
Acetonitrile,CC#N,-3.21,-6.77,3,305.15,Abdominal Human Skin,Static/Stirred,phosphate-buffered saline,CC#N
Benzylidene Acetone,CC(=O)/C=C/C1=CC=CC=C1,-1.12,-4.68,26,305.15,Human Abdominal Skin,Static,PBS (pH 7.4) + 0.02% sodium azide,CC(=O)/C=C/c1ccccc1
"1,1,1-Trichloropropanone",CC(=O)C(Cl)(Cl)Cl,-1.62,-5.18,28,305.15,Human Abdominal Skin,Static,PBS/Isotonic saline/Physiological saline,CC(=O)C(Cl)(Cl)Cl
"1,1-Dichloropropanone",CC(=O)C(Cl)Cl,-1.36,-4.92,28,305.15,Human Abdominal Skin,Static,PBS/Isotonic saline/Physiological saline,CC(=O)C(Cl)Cl
Diacetone Alcohol,CC(=O)CC(C)(C)O,-3.24,-6.8,28,305.15,Human Abdominal Skin,Static,PBS/isotonic saline/Physiological saline,CC(=O)CC(C)(C)O
Dimethyl Acetamide,CC(=O)N(C)C,-5.8,-9.36,50,305.15,Human Abdominal Skin,Static,PBS,CC(=O)N(C)C
2-(Acetylamino)Fluorene,CC(=O)NC1=CC2=C(C=C1)C3=CC=CC=C3C2,-1.17,-4.73,26,305.15,Human Abdominal Skin,Static,PBS (pH 7.4) + 0.02% sodium azide,CC(=O)Nc1ccc2c(c1)Cc1ccccc1-2
"N4-Acetyl-4-Amino-1-[(2R,3S,4R,5R)-3,4-Dihydroxy-5 (Hydroxymethyl)Oxolan-2-Yl] Pyrimidin-2-One",CC(=O)NC1=NC(=O)N(C=C1)C2C(C(C(O2)CO)O)O,-3.33,-6.89,89,305.15,"Abdominoplasty, Abdomen",Franz Cell,PBS,CC(=O)Nc1ccn(C2OC(CO)C(O)C2O)c(=O)n1
Acetic Acid,CC(=O)O,-3.21,-6.77,3,305.15,Abdominal Human Skin,Static/Stirred,phosphate-buffered saline,CC(=O)O
Fluocinonide,CC(=O)OCC(=O)[C@@]12[C@@H](C[C@@H]3[C@@]1(C[C@@H]([C@]4([C@H]3C[C@@H](C5=CC(=O)C=C[C@@]54C)F)F)O)C)OC(O2)(C)C,-2.77,-6.33,1,305.15,Human Abdominal Skin,Static/Flow/Side-By-Side,phosphate-buffered saline/physiological saline,CC(=O)OCC(=O)[C@@]12OC(C)(C)O[C@@H]1C[C@H]1[C@@H]3C[C@H](F)C4=CC(=O)C=C[C@]4(C)[C@@]3(F)[C@@H](O)C[C@@]12C
T-2 Toxin,CC1=C[C@@H]2[C@](C[C@@H]1OC(=O)CC(C)C)([C@]3([C@@H]([C@H]([C@H]([C@@]34CO4)O2)O)OC(=O)C)C)COC(=O)C,-4.22,-7.77,100,305.15,"Surgery, Abdomen",Static Franz Cell,PBS with BSA,CC(=O)OC[C@]12C[C@H](OC(=O)CC(C)C)C(C)=C[C@H]1O[C@@H]1[C@H](O)[C@@H](OC(C)=O)[C@@]2(C)[C@]12CO2
Acetylsalicylic Acid,CC(=O)OC1=CC=CC=C1C(=O)O,-2.14,-5.7,47,305.15,Human Abdominal Skin,Static/Stirred,PBS/Saline,CC(=O)Oc1ccccc1C(=O)O
Hydroxyprogesterone,CC(=O)[C@]1(CC[C@@H]2[C@@]1(CC[C@H]3[C@H]2CC=C4[C@@]3(CC[C@@H](C4)O)C)C)O,-3.22,-6.78,2,303.15,Human Skin,Static/Stirred/Flow,saline solution/phosphate buffer/isotonic aqueous solution,CC(=O)[C@@]1(O)CC[C@H]2[C@@H]3CC=C4C[C@@H](O)CC[C@]4(C)[C@H]3CC[C@@]21C
17-A-Hydroxyprogesterone,CC(=O)[C@]1(CC[C@@H]2[C@@]1(CC[C@H]3[C@H]2CCC4=CC(=O)CC[C@]34C)C)O,-3.22,-6.78,20,299.15,Human Epidermal Membrane,Horizontal Glass Diffusion Chamber,Aqueous penicillin–streptomycin solution,CC(=O)[C@@]1(O)CC[C@H]2[C@@H]3CCC4=CC(=O)CC[C@]4(C)[C@H]3CC[C@@]21C
Pregnenolone,CC(=O)[C@H]1CC[C@@H]2[C@@]1(CC[C@H]3[C@H]2CC=C4[C@@]3(CC[C@@H](C4)O)C)C,-2.82,-6.38,1,305.15,Human Abdominal Skin,Static/Flow/Side-By-Side,phosphate-buffered saline/physiological saline,CC(=O)[C@H]1CC[C@H]2[C@@H]3CC=C4C[C@@H](O)CC[C@]4(C)[C@H]3CC[C@]12C
Progesterone,CC(=O)[C@H]1CC[C@@H]2[C@@]1(CC[C@H]3[C@H]2CCC4=CC(=O)CC[C@]34C)C,-4.18,-7.74,57,305.15,"Surgery, Abdomen",Static Franz Cell,Propylene glycol/PBS 2:3 v/v,CC(=O)[C@H]1CC[C@H]2[C@@H]3CCC4=CC(=O)CC[C@]4(C)[C@H]3CC[C@]12C
"2,4-Dichloroacetophenone",CC(=O)C1=C(C=C(C=C1)Cl)Cl,1.3,-2.26,15,305.15,Abdominal Human Skin,Flow,Polychlorotrifluoroethylene,CC(=O)c1ccc(Cl)cc1Cl
Acetophenone,CC(=O)C1=CC=CC=C1,-1.58,-5.13,26,305.15,Human Abdominal Skin,Static,PBS (pH 7.4) + 0.02% sodium azide,CC(=O)c1ccccc1
Flurbiprofen,CC(C1=CC(=C(C=C1)C2=CC=CC=C2)F)C(=O)O,-1.16,-4.72,14,305.15,Human Abdominal Skin,Static,PBS/Saline,CC(C(=O)O)c1ccc(-c2ccccc2)c(F)c1
Pranoprofen,CC(C1=CC2=C(C=C1)OC3=C(C2)C=CC=N3)C(=O)O,-3.42,-6.97,59,305.15,"Surgery, Abdomen",Static Franz Cell,PBS,CC(C(=O)O)c1ccc2c(c1)Cc1cccnc1O2
Ketoprofen,CC(C1=CC(=CC=C1)C(=O)C2=CC=CC=C2)C(=O)O,-3.62,-7.18,70,305.15,"Surgery, Abdomen",Static Franz Cell,PBS containing 10% ethanol,CC(C(=O)O)c1cccc(C(=O)c2ccccc2)c1
Phenylpropionic Acid,CC(C1=CC=CC=C1)C(=O)O,-1.37,-4.93,14,305.15,Human Abdominal Skin,Static,PBS/Saline,CC(C(=O)O)c1ccccc1
Timolol,CC(C)(C)NC[C@@H](COC1=NSN=C1N2CCOCC2)O,-4.25,-7.81,28,305.15,Human Abdominal Skin,Static,PBS/isotonic saline/Physiological saline,CC(C)(C)NC[C@H](O)COc1nsnc1N1CCOCC1
Paclobutrazol,CC(C)(C)[C@@H]([C@H](CC1=CC=C(C=C1)Cl)N2C=NC=N2)O,1.15,-2.41,18,305.15,Breast Human Skin,Static,aqueous solution,CC(C)(C)[C@H](O)[C@H](Cc1ccc(Cl)cc1)n1cncn1
O-T-Butylphenol,CC(C)(C)C1=CC=CC=C1O,-1.13,-4.69,54,305.15,"Abdominoplasty, Abdomen",Franz Cell,PBS with ethanol,CC(C)(C)c1ccccc1O
Tetrabromobisphenol A,CC(C)(C1=CC(=C(C(=C1)Br)O)Br)C2=CC(=C(C(=C2)Br)O)Br,-2.59,-6.15,55,305.15,"Surgery, Breast",Static Franz Cell,DMEM based culture medium and 5% BSA,CC(C)(c1cc(Br)c(O)c(Br)c1)c1cc(Br)c(O)c(Br)c1
Bisphenol A,CC(C)(C1=CC=C(C=C1)O)C2=CC=C(C=C2)O,-4.33,-7.89,93,305.65,"Surgery, Abdomen",Static Franz Cell,"RPMI 1640 with gentamycine, penicillin, streptomycin and 2% BSA",CC(C)(c1ccc(O)cc1)c1ccc(O)cc1
Bisphenol A Diglycidyl Ether,CC(C)(C1=CC=C(C=C1)OCC2CO2)C3=CC=C(C=C3)OCC4CO4,-6.32,-9.88,31,273.15,"Mammaplasty, Breast",Flow Through Cell,Hanks balanced salt solution,CC(C)(c1ccc(OCC2CO2)cc1)c1ccc(OCC2CO2)cc1
Geraniol,CC(C)=CCC/C(C)=C/CO,-1.4,-4.96,26,305.15,Human Abdominal Skin,Static,PBS (pH 7.4) + 0.02% sodium azide,CC(C)=CCC/C(C)=C/CO
Acetone,CC(=O)C,-3.29,-6.85,3,305.15,Abdominal Human Skin,Static/Stirred,phosphate-buffered saline,CC(C)=O
4-Methyl-2-Pentanol,CC(C)CC(C)O,-2.33,-5.89,3,305.15,Abdominal Human Skin,Static/Stirred,phosphate-buffered saline,CC(C)CC(C)O
4-Methylvaleric Acid,CC(C)CCC(=O)O,-2.8,-6.36,26,305.15,Human Abdominal Skin,Static,PBS (pH 7.4) + 0.02% sodium azide,CC(C)CCC(=O)O
Isoamyl Alcohol,CC(C)CCO,-2.0,-5.56,3,305.15,Abdominal Human Skin,Static/Stirred,phosphate-buffered saline,CC(C)CCO
Isobutanol,CC(C)CO,-2.65,-6.21,3,305.15,Abdominal Human Skin,Static/Stirred,phosphate-buffered saline,CC(C)CO
Bepridil,CC(C)COCC(CN(CC1=CC=CC=C1)C2=CC=CC=C2)N3CCCC3,-3.23,-6.79,28,305.15,Human Abdominal Skin,Static,PBS/isotonic saline/Physiological saline,CC(C)COCC(CN(Cc1ccccc1)c1ccccc1)N1CCCC1
Tibp,CC(C)COP(=O)(OCC(C)C)OCC(C)C,0.56,-3.0,21,305.15,Abdominal/Back/Breast Human Skin,Stirred,aqueous solution / phosphate buffer,CC(C)COP(=O)(OCC(C)C)OCC(C)C
Ibuprofen,CC(C)CC1=CC=C(C=C1)C(C)C(=O)O,-2.69,-6.24,92,305.15,Surgery,Static Franz Cell,PBS,CC(C)Cc1ccc(C(C)C(=O)O)cc1
Isopropylamine,CC(C)N,-2.9,-6.46,3,305.15,Abdominal Human Skin,Static/Stirred,phosphate-buffered saline,CC(C)N
Atenolol,CC(C)NCC(COC1=CC=C(C=C1)CC(=O)N)O,-3.79,-7.35,14,305.15,Human Abdominal Skin,Static,PBS/Saline,CC(C)NCC(O)COc1ccc(CC(N)=O)cc1
Betaxolol,CC(C)NCC(COC1=CC=C(C=C1)CCOCC2CC2)O,-3.46,-7.02,28,305.15,Human Abdominal Skin,Static,PBS/isotonic saline/Physiological saline,CC(C)NCC(O)COc1ccc(CCOCC2CC2)cc1
Bisoprolol Fumarate,CC(C)NCC(COC1=CC=C(C=C1)COCCOC(C)C)O.CC(C)NCC(COC1=CC=C(C=C1)COCCOC(C)C)O.C(=C/C(=O)O)\C(=O)O,-3.57,-7.13,77,305.15,"Abdominoplasty, Abdomen",Franz Cell,Sorensen buffer,CC(C)NCC(O)COc1ccc(COCCOC(C)C)cc1.CC(C)NCC(O)COc1ccc(COCCOC(C)C)cc1.O=C(O)/C=C/C(=O)O
Propranolol,CC(C)NCC(COC1=CC=CC2=CC=CC=C21)O,-2.49,-6.05,14,305.15,Human Abdominal Skin,Static,PBS/Saline,CC(C)NCC(O)COc1cccc2ccccc12
Propranolol-Hcl,CC(C)NCC(COC1=CC=CC2=CC=CC=C21)O.Cl,-4.32,-7.88,62,310.15,Human Abdominal Skin,Static,PBS (pH 7.4) + 0.005% sodium azide,CC(C)NCC(O)COc1cccc2ccccc12.Cl
Isoprenaline,CC(C)NCC(C1=CC(=C(C=C1)O)O)O,-4.54,-8.1,28,305.15,Human Abdominal Skin,Static,PBS/isotonic saline/Physiological saline,CC(C)NCC(O)c1ccc(O)c(O)c1
Isopropyl Alcohol,CC(C)O,-3.05,-6.61,3,305.15,Abdominal Human Skin,Static/Stirred,phosphate-buffered saline,CC(C)O
2-Isopropoxyethanol,CC(C)OCCO,-3.35,-6.91,109,305.15,Human Abdominal Skin,Static,PBS,CC(C)OCCO
Cumene,CC(C)C1=CC=CC=C1,-0.85,-4.41,3,305.15,Abdominal Human Skin,Static/Stirred,phosphate-buffered saline,CC(C)c1ccccc1
"Alpha-Methyl-1,3-Benzodioxole-5-Propionaldehyde",CC(CC1=CC2=C(C=C1)OCO2)C=O,0.82,-2.74,15,305.15,Abdominal Human Skin,Flow,polychlorotrifluoroethylene,CC(C=O)Cc1ccc2c(c1)OCO2
Tcipp,CC(CCl)OP(=O)(OC(C)CCl)OC(C)CCl,0.84,-2.72,21,305.15,Abdominal/Back/Breast Human Skin,Stirred,aqueous solution / phosphate buffer,CC(CCl)OP(=O)(OC(C)CCl)OC(C)CCl
2-Hydroxypropyl Nicotinate,CC(CO)OC(=O)c1cccnc1,-3.99,-7.55,14,305.15,Human Abdominal Skin,Static,PBS/Saline,CC(CO)OC(=O)c1cccnc1
2-Phenyl Propanol,CC(CO)C1=CC=CC=C1,-1.28,-4.84,105,305.15,Human Abdominal Skin,Static,PBS,CC(CO)c1ccccc1
"1,1,1-Trichloroethane",CC(Cl)(Cl)Cl,-2.35,-5.91,2,303.15,Human Skin,Static/Stirred/Flow,Saline solution/Phosphate buffer/Isotonic aqueous solution,CC(Cl)(Cl)Cl
Propylene Dichloride,CC(CCl)Cl,-2.0,-5.56,50,305.15,Human Abdominal Skin,Static,PBS,CC(Cl)CCl
Amphetamine,CC(CC1=CC=CC=C1)N,-4.85,-8.41,69,295.15,"Cadaver, Thigh",Glass Diffusion Cell,Ringer solution,CC(N)Cc1ccccc1
"2,3-Butanediol",CC(C(C)O)O,-4.4,-7.96,1,305.15,Human Abdominal Skin,Static/Flow/Side-By-Side,Phosphate-buffered saline/Physiological saline,CC(O)C(C)O
Triamcinolone Acetonide,C[C@]12C[C@@H]([C@]3([C@H]([C@@H]1C[C@@H]4[C@]2(OC(O4)(C)C)C(=O)CO)CCC5=CC(=O)C=C[C@@]53C)F)O,-4.69,-8.25,28,305.15,Human Abdominal Skin,Static,PBS/isotonic saline/Physiological saline,CC1(C)O[C@@H]2C[C@H]3[C@@H]4CCC5=CC(=O)C=C[C@]5(C)[C@@]4(F)[C@@H](O)C[C@]3(C)[C@]2(C(=O)CO)O1
Citrinin,C[C@@H]1[C@H](OC=C2C1=C(C(=C(C2=O)C(=O)O)O)C)C,-3.33,-6.89,100,305.15,"Surgery, Abdomen",Static Franz Cell,PBS with BSA,CC1=C2C(=CO[C@H](C)[C@H]2C)C(=O)C(C(=O)O)=C1O
Thymoquinone,CC1=CC(=O)C(=CC1=O)C(C)C,-3.05,-6.6,88,310.15,Cadaver,Static Franz Cell,PBS,CC1=CC(=O)C(C(C)C)=CC1=O
Propylene Oxide,CC1CO1,-3.05,-6.61,3,305.15,Abdominal Human Skin,Static/Stirred,phosphate-buffered saline,CC1CO1
Acetaldehyde,CC=O,-3.15,-6.71,3,305.15,Abdominal Human Skin,Static/Stirred,phosphate-buffered saline,CC=O
Ketobemidone,CCC(=O)C1(CCN(CC1)C)C2=CC(=CC=C2)O,-4.05,-7.61,28,305.15,Human Abdominal Skin,Static,PBS/isotonic saline/Physiological saline,CCC(=O)C1(c2cccc(O)c2)CCN(C)CC1
Sufentanil,CCC(=O)N(C1=CC=CC=C1)C2(CCN(CC2)CCC3=CC=CS3)COC,-2.26,-5.82,2,303.15,Human Skin,Static/Stirred/Flow,saline solution/phosphate buffer/isotonic aqueous solution,CCC(=O)N(c1ccccc1)C1(COC)CCN(CCc2cccs2)CC1
Fentanyl,CCC(=O)N(C1CCN(CC1)CCC2=CC=CC=C2)C3=CC=CC=C3,-3.89,-7.45,3,305.15,Abdominal Human Skin,Static/Stirred,phosphate-buffered saline,CCC(=O)N(c1ccccc1)C1CCN(CCc2ccccc2)CC1
Propionic Acid,CCC(=O)O,-2.94,-6.5,3,305.15,Abdominal Human Skin,Static/Stirred,phosphate-buffered saline,CCC(=O)O
Hydrocortisone 21-Propionate,CCC(=O)OCC(=O)[C@]1(CC[C@@H]2[C@@]1(C[C@@H]([C@H]3[C@H]2CCC4=CC(=O)CC[C@]34C)O)C)O,-2.48,-6.04,99,310.15,Abdominoplasty Or Cadaver,Flow Through Cell,Succinate solution,CCC(=O)OCC(=O)[C@@]1(O)CC[C@H]2[C@@H]3CCC4=CC(=O)CC[C@]4(C)[C@H]3[C@@H](O)C[C@@]21C
2-Butanone,CCC(=O)C,-2.95,-6.51,3,305.15,Abdominal Human Skin,Static/Stirred,Phosphate-buffered saline,CCC(C)=O
2-Phenyl Butanol,CCC(CO)C1=CC=CC=C1,-1.19,-4.75,105,305.15,Human Abdominal Skin,Static,PBS,CCC(CO)c1ccccc1
Cyclobarbitone,CCC1(C(=O)NC(=O)NC1=O)C2=CCCCC2,-3.09,-6.65,14,305.15,Human Abdominal Skin,Static,PBS/Saline,CCC1(C2=CCCCC2)C(=O)NC(=O)NC1=O
Barbital,CCC1(C(=O)NC(=O)NC1=O)CC,-3.95,-7.51,1,305.15,Human Abdominal Skin,Static/Flow/Side-By-Side,phosphate-buffered saline/physiological saline,CCC1(CC)C(=O)NC(=O)NC1=O
Amobarbital,CCC1(C(=O)NC(=O)NC1=O)CCC(C)C,-2.64,-6.2,1,305.15,Human Abdominal Skin,Static/Flow/Side-By-Side,phosphate-buffered saline/physiological saline,CCC1(CCC(C)C)C(=O)NC(=O)NC1=O
Phenobarbital,CCC1(C(=O)NC(=O)NC1=O)C2=CC=CC=C2,-3.35,-6.91,2,303.15,Human Skin,Static/Stirred/Flow,saline solution/phosphate buffer/isotonic aqueous solution,CCC1(c2ccccc2)C(=O)NC(=O)NC1=O
Butyric Acid,CCCC(=O)O,-3.0,-6.56,1,305.15,Human Abdominal Skin,Static/Flow/Side-By-Side,phosphate-buffered saline/physiological saline,CCCC(=O)O
2-Pentanone,CCCC(=O)C,-2.6,-6.16,3,305.15,Human Abdominal Skin,Static/Stirred,phosphate-buffered saline,CCCC(C)=O
2-Phenyl Pentanol,CCCC(CO)C1=CC=CC=C1,-0.97,-4.53,105,305.15,Human Abdominal Skin,Static,PBS,CCCC(CO)c1ccccc1
Pentanoic Acid,CCCCC(=O)O,-2.7,-6.26,1,305.15,Human Abdominal Skin,Static/Flow/Side-By-Side,phosphate-buffered saline/physiological saline,CCCCC(=O)O
Betamethasone-17-Valerate,CCCCC(=O)O[C@@]1([C@H](C[C@@H]2[C@@]1(C[C@@H]([C@]3([C@H]2CCC4=CC(=O)C=C[C@@]43C)F)O)C)C)C(=O)CO,-1.92,-5.48,28,305.15,Human Abdominal Skin,Static,PBS/isotonic saline/Physiological saline,CCCCC(=O)O[C@]1(C(=O)CO)[C@@H](C)C[C@H]2[C@@H]3CCC4=CC(=O)C=C[C@]4(C)[C@@]3(F)[C@@H](O)C[C@@]21C
2-Hexanone,CCCCC(=O)C,-2.35,-5.91,3,305.15,Abdominal Human Skin,Static/Stirred,phosphate-buffered saline,CCCCC(C)=O
2-Ethylhexanol,CCCCC(CC)CO,-4.34,-7.9,52,303.15,Cadaver,Franz Cell,Dulbecco PBS,CCCCC(CC)CO
Beh-Tebp,CCCCC(CC)COC(=O)C1=C(C(=C(C(=C1Br)Br)Br)Br)C(=O)OCC(CC)CCCC,-0.29,-3.85,21,305.15,Abdominal/Back/Breast Human Skin,Stirred,aqueous solution / phosphate buffer,CCCCC(CC)COC(=O)c1c(Br)c(Br)c(Br)c(Br)c1C(=O)OCC(CC)CCCC
Eh-Tbb,CCCCC(CC)COC(=O)C1=CC(=C(C(=C1Br)Br)Br)Br,-0.04,-3.6,21,305.15,Abdominal/Back/Breast Human Skin,Stirred,aqueous solution / phosphate buffer,CCCCC(CC)COC(=O)c1cc(Br)c(Br)c(Br)c1Br
Bis(2-Ethylhexyl)Phthalate,CCCCC(CC)COC(=O)C1=CC=CC=C1C(=O)OCC(CC)CCCC,-6.98,-10.54,52,303.15,Cadaver,Franz Cell,Dulbecco PBS,CCCCC(CC)COC(=O)c1ccccc1C(=O)OCC(CC)CCCC
2-Phenyl Hexanol,CCCCC(CO)C1=CC=CC=C1,-1.01,-4.57,105,305.15,Human Abdominal Skin,Static,PBS,CCCCC(CO)c1ccccc1
Pellitorine,CCCCC/C=C/C=C/C(=O)NCC(C)C,-3.96,-7.52,63,305.15,Surgery,Static Franz Cell,PBS,CCCCC/C=C/C=C/C(=O)NCC(C)C
Butobarbital,CCCCC1(C(=O)NC(=O)NC1=O)CC,-3.72,-7.28,2,303.15,Human Skin,Static/Stirred/Flow,saline solution/phosphate buffer/isotonic aqueous solution,CCCCC1(CC)C(=O)NC(=O)NC1=O
"N4-Hexanoyl-4-Amino-1-[(2R,3S,4R,5R)-3,4-Dihydroxy-5 (Hydroxymethyl)Oxolan-2-Yl] Pyrimidin-2-One",CCCCCC(=O)NC1=NC(=O)N(C=C1)[C@H]2[C@H]([C@@H]([C@H](O2)CO)O)O,-2.18,-5.74,89,305.15,"Abdominoplasty, Abdomen",Franz Cell,PBS,CCCCCC(=O)Nc1ccn([C@@H]2O[C@H](CO)[C@@H](O)[C@@H]2O)c(=O)n1
Hexanoic Acid,CCCCCC(=O)O,-1.92,-5.48,14,305.15,Human Abdominal Skin,Static,PBS/Saline,CCCCCC(=O)O
Hydrocortisone Hexanoate,CCCCCC(=O)OCC(=O)[C@]1(CC[C@@H]2[C@@]1(C[C@@H]([C@H]3[C@H]2CCC4=CC(=O)CC[C@]34C)O)C)O,-2.0,-5.56,28,305.15,Human Abdominal Skin,Static,PBS/isotonic saline/Physiological saline,CCCCCC(=O)OCC(=O)[C@@]1(O)CC[C@H]2[C@@H]3CCC4=CC(=O)CC[C@]4(C)[C@H]3[C@@H](O)C[C@@]21C
2-Heptanone,CCCCCC(=O)C,-2.0,-5.56,3,305.15,Abdominal Human Skin,Static/Stirred,phosphate-buffered saline,CCCCCC(C)=O
Heptanoic Acid,CCCCCCC(=O)O,-1.7,-5.26,1,305.15,Human Abdominal Skin,Static/Flow/Side-By-Side,phosphate-buffered saline/physiological saline,CCCCCCC(=O)O
Octanoic Acid,CCCCCCCC(=O)O,-1.62,-5.18,14,305.15,Human Abdominal Skin,Static,PBS/Saline,CCCCCCCC(=O)O
(Hydrocortisone-21-Yl)-Octanoate,CCCCCCCC(=O)OCC(=O)[C@]1(CC[C@@H]2[C@@]1(C[C@@H]([C@H]3[C@H]2CCC4=CC(=O)CC[C@]34C)O)C)O,-1.21,-4.77,1,305.15,Human Abdominal Skin,Static/Flow/Side-By-Side,Phosphate-buffered saline/physiological saline,CCCCCCCC(=O)OCC(=O)[C@@]1(O)CC[C@H]2[C@@H]3CCC4=CC(=O)CC[C@]4(C)[C@H]3[C@@H](O)C[C@@]21C
Sodium Lauryl Sulphate,CCCCCCCCCCCCOS(=O)(=O)[O-].[Na+],-2.54,-6.1,105,305.15,Human Abdominal Skin,Static,PBS,CCCCCCCCCCCCOS(=O)(=O)[O-].[Na+]
N-Decanol,CCCCCCCCCCO,-1.14,-4.7,28,305.15,Human Abdominal Skin,Static,PBS/isotonic saline/Physiological saline,CCCCCCCCCCO
N-Nonanol,CCCCCCCCCO,-1.22,-4.78,28,305.15,Human Abdominal Skin,Static,PBS/isotonic saline/Physiological saline,CCCCCCCCCO
1-Octyl-2-Pyrrolidone,CCCCCCCCN1CCCC1=O,-1.27,-4.83,28,305.15,Human Abdominal Skin,Static,PBS/Isotonic saline/Physiological saline,CCCCCCCCN1CCCC1=O
1-Octyl-2-Azacycloheptanone,CCCCCCCCN1CCCCCC1=O,-1.28,-4.84,28,305.15,Human Abdominal Skin,Static,PBS/Isotonic saline/Physiological saline,CCCCCCCCN1CCCCCC1=O
N-Octanol,CCCCCCCCO,-1.31,-4.87,28,305.15,Human Abdominal Skin,Static,PBS/isotonic saline/Physiological saline,CCCCCCCCO
N-Heptyl-N-(4-Methylbenzyl)Amine,CCCCCCCNCC1=CC=C(C=C1)C,-2.23,-5.79,28,305.15,Human Abdominal Skin,Static,PBS/isotonic saline/Physiological saline,CCCCCCCNCc1ccc(C)cc1
N-Heptanol,CCCCCCCO,-1.5,-5.06,1,305.15,Human Abdominal Skin,Static/Flow/Side-By-Side,phosphate-buffered saline/physiological saline,CCCCCCCO
1-Hexyl-2-Pyrrolidone,CCCCCCN1CCCC1=O,-1.65,-5.21,28,305.15,Human Abdominal Skin,Static,PBS/Isotonic saline/Physiological saline,CCCCCCN1CCCC1=O
N-Hexyl-N-(4-Methylbenzyl)Amine,CCCCCCNCC1=CC=C(C=C1)C,-2.31,-5.87,28,305.15,Human Abdominal Skin,Static,PBS/isotonic saline/Physiological saline,CCCCCCNCc1ccc(C)cc1
1-Hexanol,CCCCCCO,-1.89,-5.45,2,303.15,Human Skin,Static/Stirred/Flow,Saline solution/Phosphate buffer/Isotonic aqueous solution,CCCCCCO
N-Hexyl Nicotinate,CCCCCCOC(=O)C1=CN=CC=C1,-1.75,-5.31,47,305.15,Human Abdominal Skin,Static/Stirred,PBS/Saline,CCCCCCOC(=O)c1cccnc1
N-Pentyl Thalidomide,CCCCCN1C(=O)CCC(C1=O)N2C(=O)C3=CC=CC=C3C2=O,-1.7,-5.26,28,305.15,Human Abdominal Skin,Static,PBS/isotonic saline/Physiological saline,CCCCCN1C(=O)CCC(N2C(=O)c3ccccc3C2=O)C1=O
N-Pentanol,CCCCCO,-2.22,-5.78,1,305.15,Human Abdominal Skin,Static/Flow/Side-By-Side,phosphate-buffered saline/physiological saline,CCCCCO
N-Butyl-N-(4-Methylbenzyl)Amine,CCCCNCC1=CC=C(C=C1)C,-3.16,-6.72,28,305.15,Human Abdominal Skin,Static,PBS/isotonic saline/Physiological saline,CCCCNCc1ccc(C)cc1
Butanol,CCCCO,-2.6,-6.16,4,305.15,Human Skin/Abdomen/Breast,Static/Stirred/Flow,buffered saline/ MEM,CCCCO
Butyl P-Aminobenzoate,CCCCOC(=O)C1=CC=C(C=C1)N,-1.58,-5.14,28,305.15,Human Abdominal Skin,Static,PBS/isotonic saline/Physiological saline,CCCCOC(=O)c1ccc(N)cc1
N-Butylparaben,CCCCOC(=O)C1=CC=C(C=C1)O,-1.89,-5.45,97,305.15,"Surgery, Abdomen",Static Franz Cell,Diisopropyl fluorophosphate in PBS at a concentration of 2.7 uM/mL,CCCCOC(=O)c1ccc(O)cc1
Dibutyl Phthalate,CCCCOC(=O)C1=CC=CC=C1C(=O)OCCCC,-5.64,-9.2,76,303.15,"Cadaver, Abdomen",Glass Diffusion Cell,Ethanol 50%,CCCCOC(=O)c1ccccc1C(=O)OCCCC
Butyl Nicotinate,CCCCOC(=O)C1=CN=CC=C1,-1.3,-4.86,14,305.15,Human Abdominal Skin,Static,PBS/Saline,CCCCOC(=O)c1cccnc1
2-Butoxyethanol,CCCCOCCO,-3.67,-7.23,35,303.15,Abdomen,Static,Distilled water,CCCCOCCO
2-(2-Butoxyethoxy)Ethanol,CCCCOCCOCCO,-4.45,-8.01,35,303.15,Abdomen,Static,Distilled water,CCCCOCCOCCO
Diethylene Glycol Mono butyl Ether Acetate,CCCCOCCOCCOC(=O)C,-4.22,-7.78,36,305.15,Abdomen,Static,0.9% Sodium Chloride Solution,CCCCOCCOCCOC(C)=O
Tboep,CCCCOCCOP(=O)(OCCOCCCC)OCCOCCCC,0.67,-2.89,21,305.15,Abdominal/Back/Breast Human Skin,Stirred,aqueous solution / phosphate buffer,CCCCOCCOP(=O)(OCCOCCCC)OCCOCCCC
Tnbp,CCCCOP(=O)(OCCCC)OCCCC,0.51,-3.05,21,305.15,Abdominal/Back/Breast Human Skin,Stirred,aqueous solution / phosphate buffer,CCCCOP(=O)(OCCCC)OCCCC
Fumonisin B1,CCCC[C@@H](C)[C@H]([C@H](C[C@@H](C)C[C@@H](CCCC[C@H](C[C@@H]([C@H](C)N)O)O)O)OC(=O)C[C@@H](CC(=O)O)C(=O)O)OC(=O)C[C@@H](CC(=O)O)C(=O)O,-5.49,-9.05,100,305.15,"Surgery, Abdomen",Static Franz Cell,PBS with BSA,CCCC[C@@H](C)[C@@H](OC(=O)C[C@@H](CC(=O)O)C(=O)O)[C@H](C[C@@H](C)C[C@H](O)CCCC[C@@H](O)C[C@H](O)[C@H](C)N)OC(=O)C[C@@H](CC(=O)O)C(=O)O
P-N-Butylphenol,CCCCC1=CC=C(C=C1)O,-1.11,-4.67,54,305.15,"Abdominoplasty, Abdomen",Franz Cell,PBS with ethanol,CCCCc1ccc(O)cc1
Prochloraz,CCCN(CCOC1=C(C=C(C=C1Cl)Cl)Cl)C(=O)N2C=CN=C2,0.83,-2.73,19,308.15,Abdominal Human Skin,Static,phosphate buffer,CCCN(CCOc1c(Cl)cc(Cl)cc1Cl)C(=O)n1ccnc1
N-Propyl Thalidomide,CCCN1C(=O)CCC(C1=O)N2C(=O)C3=CC=CC=C3C2=O,-2.24,-5.8,28,305.15,Human Abdominal Skin,Static,PBS/isotonic saline/Physiological saline,CCCN1C(=O)CCC(N2C(=O)c3ccccc3C2=O)C1=O
N_(4_Methylbenzyl)-N_propylamine,CCCNCC1=CC=C(C=C1)C,-3.41,-6.97,28,305.15,Human Abdominal Skin,Static,PBS/isotonic saline/Physiological saline,CCCNCc1ccc(C)cc1
Propanol,CCCO,-3.0,-6.56,46,295.15,"Cadaver, Abdomen",Custom Diffusion Chamber,NaCl solution,CCCO
N-Propyl P-Aminobenzoate,CCCOC(=O)C1=CC=C(C=C1)N,-1.09,-4.65,28,305.15,Human Abdominal Skin,Static,PBS/isotonic saline/Physiological saline,CCCOC(=O)c1ccc(N)cc1
Propylparaben,CCCOC(=O)C1=CC=C(C=C1)O,-1.88,-5.44,28,305.15,Human Abdominal Skin,Static,PBS/isotonic saline/Physiological saline,CCCOC(=O)c1ccc(O)cc1
2-Propoxyethanol,CCCOCCO,-3.19,-6.75,52,303.15,Cadaver,Franz Cell,Dulbecco PBS,CCCOCCO
4-Propoxyphenol,CCCOC1=CC=C(C=C1)O,-1.62,-5.18,14,305.15,Human Abdominal Skin,Static,PBS/Saline,CCCOc1ccc(O)cc1
Etorphine,CCC[C@](C)([C@H]1C[C@@]23C=C[C@@]1([C@H]4[C@@]25CCN([C@@H]3CC6=C5C(=C(C=C6)O)O4)C)OC)O,-2.44,-6.0,1,305.15,Human Abdominal Skin,Static/Flow/Side-By-Side,phosphate-buffered saline/physiological saline,CCC[C@@](C)(O)[C@H]1C[C@@]23C=C[C@]1(OC)[C@@H]1Oc4c(O)ccc5c4[C@@]12CCN(C)[C@@H]3C5
"Fpl 57,787",CCCC1=C2C(=C(C3=C1CCCC3)O)C(=O)C=C(O2)C(=O)O,-4.15,-7.71,28,305.15,Human Abdominal Skin,Static,PBS/isotonic saline/Physiological saline,CCCc1c2c(c(O)c3c(=O)cc(C(=O)O)oc13)CCCC2
Ethylamine,CCN,-3.09,-6.65,3,305.15,Abdominal Human Skin,Static/Stirred,phosphate-buffered saline,CCN
Dimethylethylamine,CCN(C)C,-2.24,-5.8,14,305.15,Human Abdominal Skin,Static,PBS/Saline,CCN(C)C
Diethylcarbamazine,CCN(CC)C(=O)N1CCN(CC1)C,-3.95,-7.51,2,303.15,Human Skin,Static/Stirred/Flow,saline solution/phosphate buffer/isotonic aqueous solution,CCN(CC)C(=O)N1CCN(C)CC1
Celiprolol Hydrochloride,CCN(CC)C(=O)NC1=CC(=C(C=C1)OCC(CNC(C)(C)C)O)C(=O)C.Cl,-3.23,-6.79,77,305.15,"Abdominoplasty, Abdomen",Franz Cell,Sorensen buffer,CCN(CC)C(=O)Nc1ccc(OCC(O)CNC(C)(C)C)c(C(C)=O)c1.Cl
DEET,CCN(CC)C(=O)C1=CC=CC(=C1)C,-3.24,-6.8,8,310.15,Full-Thickness Human Skin,Vertical Franz-Type Diffusion Cell,0.1 M phosphate-buffered saline (PBS),CCN(CC)C(=O)c1cccc(C)c1
Triethylamine,CCN(CC)CC,-2.31,-5.87,3,305.15,Abdominal Human Skin,Static/Stirred,phosphate-buffered saline,CCN(CC)CC
Lidocaine,CCN(CC)CC(=O)NC1=C(C=CC=C1C)C,-2.46,-6.02,110,305.15,Human Abdominal Skin/Stratum Corneum,Static,PBS,CCN(CC)CC(=O)Nc1c(C)cccc1C
Lidocaine Hydrochloride Monohydrate,CCN(CC)CC(=O)NC1=C(C=CC=C1C)C.O.Cl,-3.74,-7.3,97,305.15,"Surgery, Abdomen",Static Franz Cell,Citrate buffered saline,CCN(CC)CC(=O)Nc1c(C)cccc1C.Cl.O
Leuprolide,CCNC(=O)[C@@H]1CCCN1C(=O)[C@H](CCCN=C(N)N)NC(=O)[C@H](CC(C)C)NC(=O)[C@@H](CC(C)C)NC(=O)[C@H](CC2=CC=C(C=C2)O)NC(=O)[C@H](CO)NC(=O)[C@H](CC3=CNC4=CC=CC=C43)NC(=O)[C@H](CC5=CN=CN5)NC(=O)[C@@H]6CCC(=O)N6,-5.37,-8.93,28,305.15,Human Abdominal Skin,Static,PBS/isotonic saline/Physiological saline,CCNC(=O)[C@@H]1CCCN1C(=O)[C@H](CCCN=C(N)N)NC(=O)[C@H](CC(C)C)NC(=O)[C@@H](CC(C)C)NC(=O)[C@H](Cc1ccc(O)cc1)NC(=O)[C@H](CO)NC(=O)[C@H](Cc1c[nH]c2ccccc12)NC(=O)[C@H](Cc1cnc[nH]1)NC(=O)[C@@H]1CCC(=O)N1
Diethylamine,CCNCC,-2.75,-6.31,3,305.15,Abdominal Human Skin,Static/Stirred,phosphate-buffered saline,CCNCC
N-Ethyl-N-(4-Methylbenzyl)Amine,CCNCC1=CC=C(C=C1)C,-3.41,-6.97,28,305.15,Human Abdominal Skin,Static,PBS/isotonic saline/Physiological saline,CCNCc1ccc(C)cc1
Simazine,CCNC1=NC(=NC(=N1)Cl)NCC,-2.32,-5.88,83,305.15,"Surgery, Abdomen",Static Franz Cell,PBS with BSA,CCNc1nc(Cl)nc(NCC)n1
Ethanol,CCO,-3.1,-6.66,1,305.15,Human Abdominal Skin,Static/Flow/Side-By-Side,phosphate-buffered saline/physiological saline,CCO
Diethyl Maleate,CCOC(=O)/C=C\C(=O)OCC,-1.59,-5.14,26,305.15,Human Abdominal Skin,Static,PBS (pH 7.4) + 0.02% sodium azide,CCOC(=O)/C=C\C(=O)OCC
Meperidine,CCOC(=O)C1(CCN(CC1)C)C2=CC=CC=C2,-2.43,-5.99,1,305.15,Human Abdominal Skin,Static/Flow/Side-By-Side,phosphate-buffered saline/physiological saline,CCOC(=O)C1(c2ccccc2)CCN(C)CC1
Malathion,CCOC(=O)CC(C(=O)OCC)SP(=S)(OC)OC,-0.69,-4.25,47,305.15,Human Abdominal Skin,Static/Stirred,PBS/Saline,CCOC(=O)CC(SP(=S)(OC)OC)C(=O)OCC
Ethyl P-Aminobenzoate,CCOC(=O)c1ccc(N)cc1,-1.71,-5.27,28,305.15,Human Abdominal Skin,Static,PBS/isotonic saline/Physiological saline,CCOC(=O)c1ccc(N)cc1
Ethyl Paraben,CCOC(=O)c1ccc(O)cc1,-1.85,-5.41,28,305.15,Human Abdominal Skin,Static,PBS/isotonic saline/Physiological saline,CCOC(=O)c1ccc(O)cc1
Diethyl Phthalate,CCOC(=O)C1=CC=CC=C1C(=O)OCC,-4.94,-8.5,13,303.15,Abdomen,Static,50% aqueous ethanol,CCOC(=O)c1ccccc1C(=O)OCC
Ethyl Nicotinate,CCOC(=O)c1ccncc1,-1.72,-5.28,14,305.15,Human Abdominal Skin,Static,PBS/Saline,CCOC(=O)c1ccncc1
Ethyl Formate,CCOC=O,-3.01,-6.57,3,305.15,Abdominal Human Skin,Static/Stirred,phosphate-buffered saline,CCOC=O
Ethyl Ether,CCOCC,-2.8,-6.36,2,303.15,Human Skin,Static/Stirred/Flow,saline solution/phosphate buffer/isotonic aqueous solution,CCOCC
Ethyl 3-Ethoxypropionate,CCOC(=O)CCOCC,-3.11,-6.67,52,303.15,Cadaver,Franz Cell,Dulbecco PBS,CCOCCC(=O)OCC
2-Ethoxyethanol,CCOCCO,-3.6,-7.16,1,305.15,Human Abdominal Skin,Static/Flow/Side-By-Side,phosphate-buffered saline/physiological saline,CCOCCO
2-Ethoxyethyl Acetate,CCOCCOC(=O)C,-3.09,-6.65,47,305.15,Human Abdominal Skin,Static/Stirred,PBS/Saline,CCOCCOC(C)=O
2-(2-Ethoxyethoxy)Ethanol,CCOCCOCCO,-3.88,-7.44,35,303.15,Abdomen,Static,Distilled water,CCOCCOCCO
Parathion,CCOP(=S)(OCC)OC1=CC=C(C=C1)[N+](=O)[O-],-3.72,-7.28,29,310.15,Human Cadaver Skin/Back,"Flow-
Through",Eagle’s MEM-BSS (Minimum Essential Medium–Balanced Salt Solution) + Gentamicin,CCOP(=S)(OCC)Oc1ccc([N+](=O)[O-])cc1
Chlorpyrifos,CCOP(=S)(OCC)OC1=NC(=C(C=C1Cl)Cl)Cl,-3.96,-7.52,47,305.15,Human Abdominal Skin,Static/Stirred,PBS/Saline,CCOP(=S)(OCC)Oc1nc(Cl)c(Cl)cc1Cl
7-Ethoxycoumarin,CCOC1=CC2=C(C=C1)C=CC(=O)O2,-0.92,-4.48,26,305.15,Human Abdominal Skin,Static,PBS (pH 7.4) + 0.02% sodium azide,CCOc1ccc2ccc(=O)oc2c1
4-Ethyl Phenol,CCC1=CC=C(C=C1)O,-1.46,-5.02,1,305.15,Human Abdominal Skin,Static/Flow/Side-By-Side,phosphate-buffered saline/physiological saline,CCc1ccc(O)cc1
N-Ethyl Carbamazepine,CCC1=CC2=C(C=C1)N(C3=CC=CC=C3C=C2)C(=O)N,-1.73,-5.29,28,305.15,Human Abdominal Skin,Static,PBS/isotonic saline/Physiological saline,CCc1ccc2c(c1)C=Cc1ccccc1N2C(N)=O
Etodolac,CCC1=C2C(=CC=C1)C3=C(N2)C(OCC3)(CC)CC(=O)O,-1.92,-5.48,14,305.15,Human Abdominal Skin,Static,PBS/Saline,CCc1cccc2c3c([nH]c12)C(CC)(CC(=O)O)OCC3
Ethyl Benzene,CCc1ccccc1,-1.15,-4.71,3,305.15,Abdominal Human Skin,Static/Stirred,phosphate-buffered saline,CCc1ccccc1
Trimethylamine,CN(C)C,-3.73,-7.29,109,305.15,Human Abdominal Skin,Static,PBS,CN(C)C
Tetramethyl Thiuram Disulfide,CN(C)C(=S)SSC(=S)N(C)C,-1.89,-5.45,26,305.15,Human Abdominal Skin,Static,PBS (pH 7.4) + 0.02% sodium azide,CN(C)C(=S)SSC(=S)N(C)C
Dimethyl Formamide,CN(C)C=O,-2.02,-5.58,47,305.15,Human Abdominal Skin,Static/Stirred,PBS/Saline,CN(C)C=O
Chlorpheniramine,CN(C)CCC(C1=CC=C(C=C1)Cl)C2=CC=CC=N2,-2.66,-6.22,1,305.15,Human Abdominal Skin,Static/Flow/Side-By-Side,phosphate-buffered saline/physiological saline,CN(C)CCC(c1ccc(Cl)cc1)c1ccccn1
"N,N-Dimethyl Aniline",CN(C)C1=CC=CC=C1,-1.7,-5.26,47,305.15,Human Abdominal Skin,Static/Stirred,PBS/Saline,CN(C)c1ccccc1
Terbinafine,CC(C)(C)C#C/C=C/CN(C)CC1=CC=CC2=CC=CC=C21,-3.0,-6.56,47,305.15,Human Abdominal Skin,Static/Stirred,PBS/Saline,CN(C/C=C/C#CC(C)(C)C)Cc1cccc2ccccc12
Methotrexate,CN(CC1=CN=C2C(=N1)C(=NC(=N2)N)N)C3=CC=C(C=C3)C(=O)N[C@@H](CCC(=O)O)C(=O)O,-3.36,-6.92,28,305.15,Human Abdominal Skin,Static,PBS/isotonic saline/Physiological saline,CN(Cc1cnc2nc(N)nc(N)c2n1)c1ccc(C(=O)N[C@@H](CCC(=O)O)C(=O)O)cc1
Ranitidine,CN/C(=C\[N+](=O)[O-])/NCCSCC1=CC=C(O1)CN(C)C,-3.85,-7.41,14,305.15,Human Abdominal Skin,Static,PBS/Saline,CN/C(=C\[N+](=O)[O-])NCCSCc1ccc(CN(C)C)o1
Nizatidine,CN/C(=C\[N+](=O)[O-])/NCCSCC1=CSC(=N1)CN(C)C,-4.22,-7.78,14,305.15,Human Abdominal Skin,Static,PBS/Saline,CN/C(=C\[N+](=O)[O-])NCCSCc1csc(CN(C)C)n1
N-Methyl Thalidomide,CN1C(=O)CCC(C1=O)N2C(=O)C3=CC=CC=C3C2=O,-2.93,-6.49,28,305.15,Human Abdominal Skin,Static,PBS/isotonic saline/Physiological saline,CN1C(=O)CCC(N2C(=O)c3ccccc3C2=O)C1=O
Piroxicam,CN1C(=C(C2=CC=CC=C2S1(=O)=O)O)C(=O)NC3=CC=CC=N3,-3.81,-7.37,2,303.15,Human Skin,Static/Stirred/Flow,saline solution/phosphate buffer/isotonic aqueous solution,CN1C(C(=O)Nc2ccccn2)=C(O)c2ccccc2S1(=O)=O
Tenoxicam,CN1C(=C(C2=C(S1(=O)=O)C=CS2)O)C(=O)NC3=CC=CC=N3,-3.05,-6.61,105,305.15,Human Abdominal Skin,Static,PBS,CN1C(C(=O)Nc2ccccn2)=C(O)c2sccc2S1(=O)=O
Hydromorphine,CN1CCC23C4C1CC5=C2C(=C(C=C5)O)OC3C(=O)CC4,-4.82,-8.38,6,305.15,Human Cadaver Skin,Static,isotonic phosphate buffer,CN1CCC23c4c5ccc(O)c4OC2C(=O)CCC3C1C5
Nicotine,CN1CCC[C@H]1C2=CN=CC=C2,-3.78,-7.34,66,310.15,"Surgery, Breast",Static Franz Cell,"Hanks balanced salt solution with 50 mg/L of gentamicin sulfate, 5.96 g/L of HEPES",CN1CCC[C@H]1c1cccnc1
Oxymorphone,CN1CC[C@]23[C@@H]4C(=O)CC[C@]2([C@H]1CC5=C3C(=C(C=C5)O)O4)O,-4.18,-7.73,75,310.15,"Surgery, Abdomen",Static Franz Cell,PBS with sodium azide,CN1CC[C@]23c4c5ccc(O)c4O[C@H]2C(=O)CC[C@@]3(O)[C@H]1C5
Hydromorphone,CN1CC[C@]23[C@@H]4[C@H]1CC5=C2C(=C(C=C5)O)O[C@H]3C(=O)CC4,-4.82,-8.38,1,305.15,Human Abdominal Skin,Static/Flow/Side-By-Side,phosphate-buffered saline/physiological saline,CN1CC[C@]23c4c5ccc(O)c4O[C@H]2C(=O)CC[C@H]3[C@H]1C5
Morphine,CN1CC[C@]23[C@@H]4[C@H]1CC5=C2C(=C(C=C5)O)O[C@H]3[C@H](C=C4)O,-5.03,-8.59,1,305.15,Human Abdominal Skin,Static/Flow/Side-By-Side,phosphate-buffered saline/physiological saline,CN1CC[C@]23c4c5ccc(O)c4O[C@H]2[C@@H](O)C=C[C@H]3[C@H]1C5
Dihydromorphine,CN1CC[C@]23[C@@H]4[C@H]1CC5=C2C(=C(C=C5)O)O[C@H]3[C@H](CC4)O,-4.17,-7.72,75,310.15,"Surgery, Abdomen",Static Franz Cell,PBS with sodium azide,CN1CC[C@]23c4c5ccc(O)c4O[C@H]2[C@@H](O)CC[C@H]3[C@H]1C5
Scopolamine,CN1[C@@H]2CC(C[C@H]1[C@H]3[C@@H]2O3)OC(=O)[C@H](CO)C4=CC=CC=C4,-4.47,-8.03,110,305.15,Human Abdominal Skin/Stratum Corneum,Static,PBS,CN1[C@@H]2CC(OC(=O)[C@H](CO)c3ccccc3)C[C@H]1[C@@H]1O[C@@H]12
Atropine,CN1[C@@H]2CC[C@H]1CC(C2)OC(=O)C(CO)C3=CC=CC=C3,-5.07,-8.63,1,305.15,Human Abdominal Skin,Static/Flow/Side-By-Side,phosphate-buffered saline/physiological saline,CN1[C@@H]2CC[C@H]1CC(OC(=O)C(CO)c1ccccc1)C2
Dimethoate,CNC(=O)CSP(=S)(OC)OC,0.25,-3.31,18,305.15,Breast Human Skin,Static,aqueous solution,CNC(=O)CSP(=S)(OC)OC
Methiocarb,CC1=CC(=CC(=C1SC)C)OC(=O)NC,1.03,-2.53,19,308.15,Abdominal Human Skin,Static,phosphate buffer,CNC(=O)Oc1cc(C)c(SC)c(C)c1
Propoxur,CC(C)OC1=CC=CC=C1OC(=O)NC,-2.59,-6.15,47,305.15,Human Abdominal Skin,Static/Stirred,PBS/Saline,CNC(=O)Oc1ccccc1OC(C)C
Nortriptyline,CNCCC=C1C2=CC=CC=C2CCC2=CC=CC=C12,-4.4,-7.96,28,305.15,Human Abdominal Skin,Static,PBS/isotonic saline/Physiological saline,CNCCC=C1c2ccccc2CCc2ccccc21
Monomethylhydrazine,CNN,-3.75,-7.31,3,305.15,Abdominal Human Skin,Static/Stirred,phosphate-buffered saline,CNN
Ephedrine,C[C@@H]([C@@H](C1=CC=CC=C1)O)NC,-2.22,-5.78,1,305.15,Human Abdominal Skin,Static/Flow/Side-By-Side,phosphate-buffered saline/physiological saline,CN[C@@H](C)[C@H](O)c1ccccc1
Methanol,CO,-3.46,-7.02,3,305.15,Abdominal Human Skin,Static/Stirred,phosphate-buffered saline,CO
Dimethyl Fumarate,COC(=O)/C=C/C(=O)OC,-0.1,-3.66,15,305.15,Abdominal Human Skin,Flow,polychlorotrifluoroethylene,COC(=O)/C=C/C(=O)OC
Hydrocortisone Methyl Pimelate,C[C@]12CCC(=O)C=C1CC[C@@H]3[C@@H]2[C@H](C[C@]4([C@H]3CC[C@@]4(C(=O)COC(=O)CCCCCC(=O)OC)O)C)O,-2.27,-5.83,2,303.15,Human Skin,Static/Stirred/Flow,saline solution/phosphate buffer/isotonic aqueous solution,COC(=O)CCCCCC(=O)OCC(=O)[C@@]1(O)CC[C@H]2[C@@H]3CCC4=CC(=O)CC[C@]4(C)[C@H]3[C@@H](O)C[C@@]21C
Methyl 4-Hydroxyphenylacetate,COC(=O)CC1=CC=C(C=C1)O,-1.7,-5.26,28,305.15,Human Abdominal Skin,Static,PBS/isotonic saline/Physiological saline,COC(=O)Cc1ccc(O)cc1
Carbendazim,COC(=O)NC1=NC2=CC=CC=C2N1,-2.47,-6.03,83,305.15,"Surgery, Abdomen",Static Franz Cell,PBS with BSA,COC(=O)Nc1nc2ccccc2[nH]1
Methyl P-Aminobenzoate,COC(=O)C1=CC=C(C=C1)N,-1.18,-4.74,28,305.15,Human Abdominal Skin,Static,PBS/isotonic saline/Physiological saline,COC(=O)c1ccc(N)cc1
Methyl Paraben,COC(=O)C1=CC=C(C=C1)O,-2.05,-5.6,97,305.15,"Surgery, Abdomen",Static Franz Cell,Diisopropyl fluorophosphate in PBS at a concentration of 2.7 uM/mL,COC(=O)c1ccc(O)cc1
Dimethyl Phthalate,COC(=O)C1=CC=CC=C1C(=O)OC,-4.48,-8.04,13,303.15,Abdomen,Static,50% aqueous ethanol,COC(=O)c1ccccc1C(=O)OC
Methyl Salicylate,COC(=O)C1=CC=CC=C1O,-1.24,-4.8,14,305.15,Human Abdominal Skin,Static,PBS/Saline,COC(=O)c1ccccc1O
Methyl Nicotinate,COC(=O)C1=CN=CC=C1,-2.21,-5.77,14,305.15,Human Abdominal Skin,Static,PBS/Saline,COC(=O)c1cccnc1
Griseofulvin,C[C@@H]1CC(=O)C=C([C@]12C(=O)C3=C(O2)C(=C(C=C3OC)OC)Cl)OC,-2.89,-6.45,7,305.15,Human Abdominal Skin,Static,phosphate-buffered saline/isotonic saline/physiological buffer,COC1=CC(=O)C[C@@H](C)[C@]12Oc1c(Cl)c(OC)cc(OC)c1C2=O
1-Methoxy-2-Propanol,COCC(C)O,-2.84,-6.4,28,305.15,Human Abdominal Skin,Static,PBS/Isotonic saline/Physiological saline,COCC(C)O
Dipropylene Glycol Methyl Ether,COCC(OCC(C)O)C,-4.09,-7.65,109,305.15,Human Abdominal Skin,Static,PBS,COCC(C)OCC(C)O
2-Methoxyethanol,COCCO,-3.73,-7.29,3,305.15,Abdominal Human Skin,Static/Stirred,phosphate-buffered saline,COCCO
2-Methoxyethyl Acetate,CC(=O)OCCOC,-2.74,-6.3,28,305.15,Human Abdominal Skin,Static,PBS/isotonic saline/Physiological saline,COCCOC(C)=O
2(2-Methoxyethoxy)Ethanol,COCCOCCO,-3.69,-7.25,35,303.15,Abdomen,Static,Distilled water,COCCOCCO
Metoprolol,CC(C)NCC(COC1=CC=C(C=C1)CCOC)O,-3.08,-6.64,5,305.15,Abdominal Human Skin,Static,isotonic phosphate buffer,COCCc1ccc(OCC(O)CNC(C)C)cc1
Dichlorvos,COP(=O)(OC)OC=C(Cl)Cl,-2.39,-5.94,74,310.15,"Surgery, Breast",Other Type Of Diffusion Cell,"Minimum essential medium eagle, supplemented with 2% w/v BSA",COP(=O)(OC)OC=C(Cl)Cl
Methyl Methane Sulfonate,COS(=O)(=O)C,-2.07,-5.62,26,305.15,Human Abdominal Skin,Static,PBS (pH 7.4) + 0.02% sodium azide,COS(C)(=O)=O
Buprenorphine,C[C@]([C@H]1C[C@@]23CC[C@@]1([C@H]4[C@@]25CCN([C@@H]3CC6=C5C(=C(C=C6)O)O4)CC7CC7)OC)(C(C)(C)C)O,-3.06,-6.62,28,305.15,Human Abdominal Skin,Static,PBS/isotonic saline/Physiological saline,CO[C@]12CC[C@@]3(C[C@@H]1[C@](C)(O)C(C)(C)C)[C@H]1Cc4ccc(O)c5c4[C@@]3(CCN1CC1CC1)[C@H]2O5
8-Methoxypsoralen,COC1=C2C(=CC3=C1OC=C3)C=CC(=O)O2,-1.75,-5.31,105,305.15,Human Abdominal Skin,Static,PBS,COc1c2occc2cc2ccc(=O)oc12
Vanillin,COC1=C(C=CC(=C1)C=O)O,-2.25,-5.8,26,305.15,Human Abdominal Skin,Static,PBS (pH 7.4) + 0.02% sodium azide,COc1cc(C=O)ccc1O
Aflatoxin B1,COC1=C2C3=C(C(=O)CC3)C(=O)OC2=C4[C@@H]5C=CO[C@@H]5OC4=C1,-3.68,-7.23,100,305.15,"Surgery, Abdomen",Static Franz Cell,PBS with BSA,COc1cc2c(c3oc(=O)c4c(c13)CCC4=O)[C@@H]1C=CO[C@@H]1O2
Prazosin Hydrochloride,COC1=C(C=C2C(=C1)C(=NC(=N2)N3CCN(CC3)C(=O)C4=CC=CO4)N)OC.Cl,-2.15,-5.71,111,310.15,"Cadaver, Abdomen",Vertical Flow Diffusion Cell,NaCl solution with gentamicin (0.016%),COc1cc2nc(N3CCN(C(=O)c4ccco4)CC3)nc(N)c2cc1OC.Cl
Anisyl Alcohol,COC1=CC=C(C=C1)CO,0.54,-3.02,15,305.15,Abdominal Human Skin,Flow,polychlorotrifluoroethylene,COc1ccc(CO)cc1
Papaverine Hydrochloride,COC1=C(C=C(C=C1)CC2=NC=CC3=CC(=C(C=C32)OC)OC)OC.Cl,-3.05,-6.6,64,310.15,"Surgery, Breast",Modified Franz Cell,Isotonic phosphate buffer solution containing 20% PEG 400,COc1ccc(Cc2nccc3cc(OC)c(OC)cc23)cc1OC.Cl
Indomethacin,CC1=C(C2=C(N1C(=O)C3=CC=C(C=C3)Cl)C=CC(=C2)OC)CC(=O)O,-3.67,-7.23,2,303.15,Human Skin,Static/Stirred/Flow,saline solution/phosphate buffer/isotonic aqueous solution,COc1ccc2c(c1)c(CC(=O)O)c(C)n2C(=O)c1ccc(Cl)cc1
Oxycodone,CN1CC[C@]23[C@@H]4C(=O)CC[C@]2([C@H]1CC5=C3C(=C(C=C5)OC)O4)O,-3.03,-6.59,75,310.15,"Surgery, Abdomen",Static Franz Cell,PBS with sodium azide,COc1ccc2c3c1O[C@H]1C(=O)CC[C@@]4(O)[C@@H](C2)N(C)CC[C@]314
Hydrocodone,CN1CC[C@]23[C@@H]4[C@H]1CC5=C2C(=C(C=C5)OC)O[C@H]3C(=O)CC4,-2.89,-6.45,75,310.15,"Surgery, Abdomen",Static Franz Cell,PBS with sodium azide,COc1ccc2c3c1O[C@H]1C(=O)CC[C@H]4[C@@H](C2)N(C)CC[C@]314
Codeine,CN1CC[C@]23[C@@H]4[C@H]1CC5=C2C(=C(C=C5)OC)O[C@H]3[C@H](C=C4)O,-4.31,-7.87,1,305.15,Human Abdominal Skin,Static/Flow/Side-By-Side,phosphate-buffered saline/physiological saline,COc1ccc2c3c1O[C@H]1[C@@H](O)C=C[C@H]4[C@@H](C2)N(C)CC[C@@]341
Dihydrocodeine,CN1CC[C@]23[C@@H]4[C@H]1CC5=C2C(=C(C=C5)OC)O[C@H]3[C@H](CC4)O,-2.63,-6.19,75,310.15,"Surgery, Abdomen",Static Franz Cell,PBS with sodium azide,COc1ccc2c3c1O[C@H]1[C@@H](O)CC[C@H]4[C@@H](C2)N(C)CC[C@@]341
Naproxen,C[C@@H](C1=CC2=C(C=C1)C=C(C=C2)OC)C(=O)O,-3.4,-6.96,2,303.15,Human Skin,Static/Stirred/Flow,saline solution/phosphate buffer/isotonic aqueous solution,COc1ccc2cc([C@H](C)C(=O)O)ccc2c1
Anisole,COC1=CC=CC=C1,-1.6,-5.16,2,303.15,Human Skin,Static/Stirred/Flow,saline solution/phosphate buffer/isotonic aqueous solution,COc1ccccc1
Nimesulide,CS(=O)(=O)NC1=C(C=C(C=C1)[N+](=O)[O-])OC2=CC=CC=C2,-2.79,-6.35,14,305.15,Human Abdominal Skin,Static,PBS/Saline,CS(=O)(=O)Nc1ccc([N+](=O)[O-])cc1Oc1ccccc1
L-Alanyl_L-Tryptophan,C[C@H](C(=O)N[C@@H](CC1=CNC2=CC=CC=C21)C(=O)O)N,-5.08,-8.64,28,305.15,Human Abdominal Skin,Static,PBS/isotonic saline/Physiological saline,C[C@@H](N)C(=O)N[C@@H](Cc1c[nH]c2ccccc12)C(=O)O
Levosimendan,C[C@@H]1CC(=O)NN=C1C2=CC=C(C=C2)NN=C(C#N)C#N,-2.92,-6.48,106,298.15,"Cadaver, Abdomen",Glass Diffusion Cell,acetate buffer/phosphate buffer,C[C@@H]1CC(=O)NN=C1c1ccc(NN=C(C#N)C#N)cc1
Dexamethasone,C[C@@H]1C[C@H]2[C@@H]3CCC4=CC(=O)C=C[C@@]4([C@]3([C@H](C[C@@]2([C@]1(C(=O)CO)O)C)O)F)C,-3.95,-7.51,110,305.15,Human Abdominal Skin/Stratum Corneum,Static,PBS,C[C@@H]1C[C@H]2[C@@H]3CCC4=CC(=O)C=C[C@]4(C)[C@@]3(F)[C@@H](O)C[C@]2(C)[C@@]1(O)C(=O)CO
Ochratoxin A,C[C@@H]1CC2=C(C=C(C(=C2C(=O)O1)O)C(=O)N[C@@H](CC3=CC=CC=C3)C(=O)O)Cl,-3.09,-6.64,100,305.15,"Surgery, Abdomen",Static Franz Cell,PBS with BSA,C[C@@H]1Cc2c(Cl)cc(C(=O)N[C@@H](Cc3ccccc3)C(=O)O)c(O)c2C(=O)O1
Ouabain,C[C@H]1[C@@H]([C@H]([C@H]([C@@H](O1)O[C@H]2C[C@H]([C@@]3([C@@H]4[C@@H](CC[C@@]3(C2)O)[C@]5(CC[C@@H]([C@]5(C[C@H]4O)C)C6=CC(=O)OC6)O)CO)O)O)O)O,-6.11,-9.67,2,303.15,Human Skin,Static/Stirred/Flow,saline solution/phosphate buffer/isotonic aqueous solution,C[C@@H]1O[C@@H](O[C@H]2C[C@@H](O)[C@]3(CO)[C@H]4[C@H](O)C[C@]5(C)[C@@H](C6=CC(=O)OC6)CC[C@]5(O)[C@@H]4CC[C@]3(O)C2)[C@H](O)[C@H](O)[C@H]1O
Zearalenone,C[C@H]1CCCC(=O)CCC/C=C/C2=C(C(=CC(=C2)O)O)C(=O)O1,-3.63,-7.19,100,305.15,"Surgery, Abdomen",Static Franz Cell,PBS with BSA,C[C@H]1CCCC(=O)CCC/C=C/c2cc(O)cc(O)c2C(=O)O1
Betamethasone,C[C@H]1C[C@H]2[C@@H]3CCC4=CC(=O)C=C[C@@]4([C@]3([C@H](C[C@@]2([C@]1(C(=O)CO)O)C)O)F)C,-3.61,-7.17,28,305.15,Human Abdominal Skin,Static,PBS/isotonic saline/Physiological saline,C[C@H]1C[C@H]2[C@@H]3CCC4=CC(=O)C=C[C@]4(C)[C@@]3(F)[C@@H](O)C[C@]2(C)[C@@]1(O)C(=O)CO
Digitoxin,C[C@@H]1[C@H]([C@H](C[C@@H](O1)O[C@@H]2[C@H](O[C@H](C[C@@H]2O)O[C@@H]3[C@H](O[C@H](C[C@@H]3O)O[C@H]4CC[C@]5([C@@H](C4)CC[C@@H]6[C@@H]5CC[C@]7([C@@]6(CC[C@@H]7C8=CC(=O)OC8)O)C)C)C)C)O)O,-4.89,-8.45,1,305.15,Human Abdominal Skin,Static/Flow/Side-By-Side,phosphate-buffered saline/physiological saline,C[C@H]1O[C@@H](O[C@H]2[C@@H](O)C[C@H](O[C@H]3[C@@H](O)C[C@H](O[C@H]4CC[C@@]5(C)[C@H](CC[C@@H]6[C@@H]5CC[C@]5(C)[C@@H](C7=CC(=O)OC7)CC[C@]65O)C4)O[C@@H]3C)O[C@@H]2C)C[C@H](O)[C@@H]1O
Prednisolone,C[C@]12C[C@@H]([C@H]3[C@H]([C@@H]1CC[C@@]2(C(=O)CO)O)CCC4=CC(=O)C=C[C@]34C)O,-4.35,-7.91,14,305.15,Human Abdominal Skin,Static,PBS/Saline,C[C@]12C=CC(=O)C=C1CC[C@@H]1[C@@H]2[C@@H](O)C[C@@]2(C)[C@H]1CC[C@]2(O)C(=O)CO
Triamcinolone,C[C@]12C[C@@H]([C@]3([C@H]([C@@H]1C[C@H]([C@@]2(C(=O)CO)O)O)CCC4=CC(=O)C=C[C@@]43C)F)O,-5.4,-8.96,28,305.15,Human Abdominal Skin,Static,PBS/isotonic saline/Physiological saline,C[C@]12C=CC(=O)C=C1CC[C@H]1[C@@H]3C[C@@H](O)[C@](O)(C(=O)CO)[C@@]3(C)C[C@H](O)[C@@]12F
Cortisone,C[C@]12CCC(=O)C=C1CC[C@@H]3[C@@H]2C(=O)C[C@]4([C@H]3CC[C@@]4(C(=O)CO)O)C,-5.0,-8.56,1,305.15,Human Abdominal Skin,Static/Flow/Side-By-Side,phosphate-buffered saline/physiological saline,C[C@]12CCC(=O)C=C1CC[C@@H]1[C@@H]2C(=O)C[C@@]2(C)[C@H]1CC[C@]2(O)C(=O)CO
Cortexolone,C[C@]12CCC(=O)C=C1CC[C@@H]3[C@@H]2CC[C@]4([C@H]3CC[C@@]4(C(=O)CO)O)C,-4.13,-7.69,1,305.15,Human Abdominal Skin,Static/Flow/Side-By-Side,phosphate-buffered saline/physiological saline,C[C@]12CCC(=O)C=C1CC[C@@H]1[C@@H]2CC[C@@]2(C)[C@H]1CC[C@]2(O)C(=O)CO
Hydrocortisone,C[C@]12CCC(=O)C=C1CC[C@@H]3[C@@H]2[C@H](C[C@]4([C@H]3CC[C@@]4(C(=O)CO)O)C)O,-5.52,-9.08,1,305.15,Human Abdominal Skin,Static/Flow/Side-By-Side,phosphate-buffered saline/physiological saline,C[C@]12CCC(=O)C=C1CC[C@@H]1[C@@H]2[C@@H](O)C[C@@]2(C)[C@H]1CC[C@]2(O)C(=O)CO
Hydrocortisone 21-Hemisuccinate,C[C@]12CCC(=O)C=C1CC[C@@H]3[C@@H]2[C@H](C[C@]4([C@H]3CC[C@@]4(C(=O)COC(=O)CCC(=O)O)O)C)O,-3.2,-6.76,99,310.15,Abdominoplasty Or Cadaver,Flow Through Cell,Succinate solution,C[C@]12CCC(=O)C=C1CC[C@@H]1[C@@H]2[C@@H](O)C[C@@]2(C)[C@H]1CC[C@]2(O)C(=O)COC(=O)CCC(=O)O
Hydrocortisone Succinamate,C[C@]12CCC(=O)C=C1CC[C@@H]3[C@@H]2[C@H](C[C@]4([C@H]3CC[C@@]4(C(=O)COC(=O)CCC(=O)N)O)C)O,-4.59,-8.15,2,303.15,Human Skin,Static/Stirred/Flow,saline solution/phosphate buffer/isotonic aqueous solution,C[C@]12CCC(=O)C=C1CC[C@@H]1[C@@H]2[C@@H](O)C[C@@]2(C)[C@H]1CC[C@]2(O)C(=O)COC(=O)CCC(N)=O
(Hydrocortisone-21-Yl)-Hemipimelate,C[C@]12CCC(=O)C=C1CC[C@@H]3[C@@H]2[C@H](C[C@]4([C@H]3CC[C@@]4(C(=O)COC(=O)CCCCCC(=O)O)O)C)O,-2.75,-6.31,1,305.15,Human Abdominal Skin,Static/Flow/Side-By-Side,Phosphate-buffered saline/physiological saline,C[C@]12CCC(=O)C=C1CC[C@@H]1[C@@H]2[C@@H](O)C[C@@]2(C)[C@H]1CC[C@]2(O)C(=O)COC(=O)CCCCCC(=O)O
Hydrocortisone Pimelamate,C[C@]12CCC(=O)C=C1CC[C@@H]3[C@@H]2[C@H](C[C@]4([C@H]3CC[C@@]4(C(=O)COC(=O)CCCCCC(=O)N)O)C)O,-3.05,-6.61,2,303.15,Human Skin,Static/Stirred/Flow,saline solution/phosphate buffer/isotonic aqueous solution,C[C@]12CCC(=O)C=C1CC[C@@H]1[C@@H]2[C@@H](O)C[C@@]2(C)[C@H]1CC[C@]2(O)C(=O)COC(=O)CCCCCC(N)=O
Hydrocortisone 6_Hydroxy Hexanoate,C[C@]12CCC(=O)C=C1CC[C@@H]3[C@@H]2[C@H](C[C@]4([C@H]3CC[C@@]4(C(=O)COC(=O)CCCCCO)O)C)O,-3.04,-6.6,28,305.15,Human Abdominal Skin,Static,PBS/isotonic saline/Physiological saline,C[C@]12CCC(=O)C=C1CC[C@@H]1[C@@H]2[C@@H](O)C[C@@]2(C)[C@H]1CC[C@]2(O)C(=O)COC(=O)CCCCCO
Aldosterone,C[C@]12CCC(=O)C=C1CC[C@@H]3[C@@H]2[C@H](C[C@]4([C@H]3CC[C@@H]4C(=O)CO)C=O)O,-5.52,-9.08,1,305.15,Human Abdominal Skin,Static/Flow/Side-By-Side,phosphate-buffered saline/physiological saline,C[C@]12CCC(=O)C=C1CC[C@@H]1[C@@H]2[C@@H](O)C[C@]2(C=O)[C@@H](C(=O)CO)CC[C@@H]12
Estrone,C[C@]12CC[C@H]3[C@H]([C@@H]1CCC2=O)CCC4=C3C=CC(=C4)O,-2.44,-6.0,1,305.15,Human Abdominal Skin,Static/Flow/Side-By-Side,phosphate-buffered saline/physiological saline,C[C@]12CC[C@@H]3c4ccc(O)cc4CC[C@H]3[C@@H]1CCC2=O
Estradiol,C[C@]12CC[C@H]3[C@H]([C@@H]1CC[C@@H]2O)CCC4=C3C=CC(=C4)O,-3.54,-7.1,4,305.15,Human Skin/Abdomen/Breast,Static/Stirred/Flow,buffered saline/ MEM,C[C@]12CC[C@@H]3c4ccc(O)cc4CC[C@H]3[C@@H]1CC[C@@H]2O
Estriol,C[C@]12CC[C@H]3[C@H]([C@@H]1C[C@H]([C@@H]2O)O)CCC4=C3C=CC(=C4)O,-4.4,-7.96,1,305.15,Human Abdominal Skin,Static/Flow/Side-By-Side,phosphate-buffered saline/physiological saline,C[C@]12CC[C@@H]3c4ccc(O)cc4CC[C@H]3[C@@H]1C[C@@H](O)[C@@H]2O
Cortexone,C[C@]12CC[C@H]3[C@H]([C@@H]1CC[C@@H]2C(=O)CO)CCC4=CC(=O)CC[C@]34C,-3.35,-6.91,1,305.15,Human Abdominal Skin,Static/Flow/Side-By-Side,phosphate-buffered saline/physiological saline,C[C@]12CC[C@H]3[C@@H](CCC4=CC(=O)CC[C@@]43C)[C@@H]1CC[C@@H]2C(=O)CO
Testosterone,C[C@]12CC[C@H]3[C@H]([C@@H]1CC[C@@H]2O)CCC4=CC(=O)CC[C@]34C,-3.4,-6.96,1,305.15,Human Abdominal Skin,Static/Flow/Side-By-Side,phosphate-buffered saline/physiological saline,C[C@]12CC[C@H]3[C@@H](CCC4=CC(=O)CC[C@@]43C)[C@@H]1CC[C@@H]2O
Corticosterone,C[C@]12CCC(=O)C=C1CC[C@@H]3[C@@H]2[C@H](C[C@]4([C@H]3CC[C@@H]4C(=O)CO)C)O,-4.22,-7.78,1,305.15,Human Abdominal Skin,Static/Flow/Side-By-Side,phosphate-buffered saline/physiological saline,C[C@]12C[C@H](O)[C@H]3[C@@H](CCC4=CC(=O)CC[C@@]43C)[C@@H]1CC[C@@H]2C(=O)CO
Tmpp,C[N+]1=CC=C(C=C1)C2=C3C=CC(=C(C4=CC=C(N4)C(=C5C=CC(=N5)C(=C6C=CC2=N6)C7=CC=[N+](C=C7)C)C8=CC=[N+](C=C8)C)C9=CC=[N+](C=C9)C)N3,-0.84,-4.4,21,305.15,Abdominal/Back/Breast Human Skin,Stirred,aqueous solution / phosphate buffer,C[n+]1ccc(-c2c3nc(c(-c4cc[n+](C)cc4)c4ccc([nH]4)c(-c4cc[n+](C)cc4)c4ccc([nH]4)c(-c4cc[n+](C)cc4)c4nc2C=C4)C=C3)cc1
Paraquat,C[N+]1=CC=C(C=C1)C2=CC=[N+](C=C2)C,-5.03,-8.59,109,305.15,Human Abdominal Skin,Static,PBS,C[n+]1ccc(-c2cc[n+](C)cc2)cc1
Aminopyrine,CC1=C(C(=O)N(N1C)C2=CC=CC=C2)N(C)C,-2.99,-6.55,14,305.15,Human Abdominal Skin,Static,PBS/Saline,Cc1c(N(C)C)c(=O)n(-c2ccccc2)n1C
Epikote Yx4000,CC1=CC(=CC(=C1O)C)C2=CC(=C(C(=C2)C)O)C,-7.33,-10.89,38,305.15,Breast,"Flow-
Through",Hanks’ balanced salt solution (HBSS) + 25 mM HEPES (pH 7.4) + 2.5% BSA + Gentamicin 50 µg/mL,Cc1cc(-c2cc(C)c(O)c(C)c2)cc(C)c1O
Antipyrine,CC1=CC(=O)N(N1C)C2=CC=CC=C2,-4.18,-7.74,109,305.15,Human Abdominal Skin,Static,PBS,Cc1cc(=O)n(-c2ccccc2)n1C
"2,5-Diaminotoluene",CC1=C(C=CC(=C1)N)N,-2.57,-6.13,26,305.15,Human Abdominal Skin,Static,PBS (pH 7.4) + 0.02% sodium azide,Cc1cc(N)ccc1N
"4-Chloro-3,5-Xylenol",CC1=CC(=CC(=C1Cl)C)O,-1.28,-4.84,3,305.15,Abdominal Human Skin,Static/Stirred,phosphate-buffered saline,Cc1cc(O)cc(C)c1Cl
4-Chlorocresol,CC1=CC(=CC=C1Cl)O,-1.27,-4.83,110,305.15,Human Abdominal Skin/Stratum Corneum,Static,PBS,Cc1cc(O)ccc1Cl
P-Tolunitrile,CC1=CC=C(C=C1)C#N,-1.62,-5.18,26,305.15,Human Abdominal Skin,Static,PBS (pH 7.4) + 0.02% sodium azide,Cc1ccc(C#N)cc1
Thymol,CC1=CC(=C(C=C1)C(C)C)O,-1.28,-4.84,1,305.15,Human Abdominal Skin,Static/Flow/Side-By-Side,phosphate-buffered saline/physiological saline,Cc1ccc(C(C)C)c(O)c1
Carvacrol,CC1=C(C=C(C=C1)C(C)C)O,-1.28,-4.84,28,305.15,Human Abdominal Skin,Static,PBS/isotonic saline/Physiological saline,Cc1ccc(C(C)C)cc1O
4-Cresol,CC1=CC=C(C=C1)O,-2.0,-5.56,3,305.15,Abdominal Human Skin,Static/Stirred,phosphate-buffered saline,Cc1ccc(O)cc1
"3,4-Dimethylphenol",CC1=C(C=C(C=C1)O)C,-1.44,-5.0,50,305.15,Human Abdominal Skin,Static,PBS,Cc1ccc(O)cc1C
N-Methyl Carbamazepine,CC1=CC2=C(C=C1)N(C3=CC=CC=C3C=C2)C(=O)N,-1.58,-5.14,28,305.15,Human Abdominal Skin,Static,PBS/isotonic saline/Physiological saline,Cc1ccc2c(c1)C=Cc1ccccc1N2C(N)=O
6-Methylcoumarin,CC1=CC2=C(C=C1)OC(=O)C=C2,-1.33,-4.89,26,305.15,Human Abdominal Skin,Static,PBS (pH 7.4) + 0.02% sodium azide,Cc1ccc2oc(=O)ccc2c1
3-Xylene,CC1=CC(=CC=C1)C,-1.1,-4.66,3,305.15,Abdominal Human Skin,Static/Stirred,phosphate-buffered saline,Cc1cccc(C)c1
3-Cresol,CC1=CC(=CC=C1)O,-2.0,-5.56,3,305.15,Abdominal Human Skin,Static/Stirred,phosphate-buffered saline,Cc1cccc(O)c1
Toluene,CC1=CC=CC=C1,-1.3,-4.86,3,305.15,Abdominal Human Skin,Static/Stirred,phosphate-buffered saline,Cc1ccccc1
2-Toluidine,CC1=CC=CC=C1N,-1.44,-5.0,3,305.15,Abdominal Human Skin,Static/Stirred,phosphate-buffered saline,Cc1ccccc1N
2-Cresol,CC1=CC=CC=C1O,-2.0,-5.56,3,305.15,Abdominal Human Skin,Static/Stirred,phosphate-buffered saline,Cc1ccccc1O
Pirimicarb,CC1=C(N=C(N=C1OC(=O)N(C)C)N(C)C)C,-0.82,-4.38,27,305.15,Human Skin(Breast/Abdominal),Static/Stirred,0.9% NaCl,Cc1nc(N(C)C)nc(OC(=O)N(C)C)c1C
(Z)-Dichloropropene,C(/C=C\Cl)Cl,3.46,-0.1,16,305.15,Abdominal Human Skin,Static,PBS/Saline,Cl/C=C\CCl
Chlorodibromomethane,C(Br)(Br)Cl,-0.81,-4.37,14,305.15,Human Abdominal Skin,Static,PBS/Saline,ClC(Br)Br
Hexachloroethane,ClC(Cl)(Cl)C(Cl)(Cl)Cl,-1.4,-4.96,3,305.15,Abdominal Human Skin,Static/Stirred,phosphate-buffered saline,ClC(Cl)(Cl)C(Cl)(Cl)Cl
Hexachlorobutadiene,C(=C(Cl)Cl)(C(=C(Cl)Cl)Cl)Cl,-0.92,-4.48,3,305.15,Abdominal Human Skin,Static/Stirred,phosphate-buffered saline,ClC(Cl)=C(Cl)C(Cl)=C(Cl)Cl
Tetrachloroethylene,C(=C(Cl)Cl)(Cl)Cl,-0.85,-4.41,28,305.15,Human Abdominal Skin,Static,PBS/isotonic saline/Physiological saline,ClC(Cl)=C(Cl)Cl
Bromodichloromethane,C(Br)(Cl)Cl,-0.85,-4.41,14,305.15,Human Abdominal Skin,Static,PBS/Saline,ClC(Cl)Br
Trichloromethane,C(Cl)(Cl)Cl,-1.8,-5.36,47,305.15,Human Abdominal Skin,Static/Stirred,PBS/Saline,ClC(Cl)Cl
Syn-Ddc-Co,C1C[C@H]2[C@@H](CC[C@H]3[C@@H]1[C@]4(C(=C([C@@]3(C4(Cl)Cl)Cl)Cl)Cl)Cl)[C@]5(C(=C([C@@]2(C5(Cl)Cl)Cl)Cl)Cl)Cl,-0.16,-3.72,21,305.15,Abdominal/Back/Breast Human Skin,Stirred,aqueous solution / phosphate buffer,ClC1=C(Cl)[C@]2(Cl)[C@@H]3CC[C@H]4[C@@H](CC[C@@H]3[C@@]1(Cl)C2(Cl)Cl)[C@@]1(Cl)C(Cl)=C(Cl)[C@]4(Cl)C1(Cl)Cl
Trichloroethylene,C(=C(Cl)Cl)Cl,-0.92,-4.48,28,305.15,Human Abdominal Skin,Static,PBS/isotonic saline/Physiological saline,ClC=C(Cl)Cl
1-3-Dichloropropene,C(C=CCl)Cl,-2.0,-5.56,50,305.15,Human Abdominal Skin,Static,PBS,ClC=CCCl
Epichlorohydrin,C1C(O1)CCl,-3.43,-6.99,3,305.15,Abdominal Human Skin,Static/Stirred,phosphate-buffered saline,ClCC1CO1
Ethylene Dichloride,ClCCCl,-2.0,-5.56,3,305.15,Abdominal Human Skin,Static/Stirred,phosphate-buffered saline,ClCCCl
Miconazole,C1=CC(=C(C=C1Cl)Cl)COC(CN2C=CN=C2)C3=C(C=C(C=C3)Cl)Cl,-0.3,-3.86,68,305.15,Surgery,Static Franz Cell,Acetate buffer,Clc1ccc(COC(Cn2ccnc2)c2ccc(Cl)cc2Cl)c(Cl)c1
Clotrimazole,C1=CC=C(C=C1)C(C2=CC=CC=C2)(C3=CC=CC=C3Cl)N4C=CN=C4,-2.7,-6.26,47,305.15,Human Abdominal Skin,Static/Stirred,PBS/Saline,Clc1ccccc1C(c1ccccc1)(c1ccccc1)n1ccnc1
Theophylline,CN1C2=C(C(=O)N(C1=O)C)NC=N2,-4.68,-8.23,51,305.15,"Surgery, Abdomen",Modified Franz Cell,PBS containing 10 mM phosphate buffer 137 mM NaCl and 2.7 mM KCl at pH 7.4 with 0.005% of gentamicin sulfate as a preservative,Cn1c(=O)c2[nH]cnc2n(C)c1=O
Caffeine,CN1C=NC2=C1C(=O)N(C(=O)N2C)C,-3.82,-7.37,91,310.15,"Surgery, Breast",Static Franz Cell,"Hanks balanced salt solution with 50 mg/L of gentamicin sulfate, 0.32 g/L of sodium bicarbonate, 5.96 g/L of HEPES",Cn1c(=O)c2c(ncn2C)n(C)c1=O
"3-Methyl-3H-Imidazo[4,5-F]Quinolin-2-Amine",CN1C2=C(C3=C(C=C2)N=CC=C3)N=C1N,-2.46,-6.02,26,305.15,Human Abdominal Skin,Static,PBS (pH 7.4) + 0.02% sodium azide,Cn1c(N)nc2c3cccnc3ccc21
Methylisothiazolinone,CN1C(=O)C=CS1,-0.52,-4.08,15,305.15,Abdominal Human Skin,Flow,polychlorotrifluoroethylene,Cn1sccc1=O
Dibromoacetonitrile,C(Br)(Br)C#N,-1.32,-4.88,28,305.15,Human Abdominal Skin,Static,PBS/isotonic saline/Physiological saline,N#CC(Br)Br
Trichloroacetonitrile,C(#N)C(Cl)(Cl)Cl,-1.04,-4.6,79,310.15,"Cadaver, Torso",Glass Diffusion Cell,PBS,N#CC(Cl)(Cl)Cl
Bromochloroacetonitrile,ClC(C#N)Br,-1.35,-4.91,28,305.15,Human Abdominal Skin,Static,PBS/isotonic saline/Physiological saline,N#CC(Cl)Br
Dichloroacetonitrile,C(Cl)(Cl)C#N,-1.39,-4.95,28,305.15,Human Abdominal Skin,Static,PBS/isotonic saline/Physiological saline,N#CC(Cl)Cl
Chloroacetonitrile,ClCC#N,-1.0,-4.56,14,305.15,Human Abdominal Skin,Static,PBS/Saline,N#CCCl
4-Cyanophenol,C1=CC(=CC=C1C#N)O,-1.97,-5.53,14,305.15,Human Abdominal Skin,Static,PBS/Saline,N#Cc1ccc(O)cc1
Minoxidil,C1CCN(CC1)C2=NC(=N)N(C(=C2)N)O,-1.92,-5.48,111,310.15,"Cadaver, Abdomen",Vertical Flow Diffusion Cell,NaCl solution with gentamicin (0.016%),N=c1nc(N2CCCCC2)cc(N)n1O
4-Hydroxyphenylacetamide,C1=CC(=CC=C1CC(=O)N)O,-3.34,-6.9,28,305.15,Human Abdominal Skin,Static,PBS/isotonic saline/Physiological saline,NC(=O)Cc1ccc(O)cc1
Carbamazepine,C1=CC=C2C(=C1)C=CC3=CC=CC=C3N2C(=O)N,-2.12,-5.68,28,305.15,Human Abdominal Skin,Static,PBS/isotonic saline/Physiological saline,NC(=O)N1c2ccccc2C=Cc2ccccc21
Niacinamide,C1=CC(=CN=C1)C(=O)N,-5.65,-9.2,67,305.15,"Surgery, Abdomen",Static Franz Cell,PBS,NC(=O)c1cccnc1
Famotidine,C1=C(N=C(S1)N=C(N)N)CSCC/C(=N/S(=O)(=O)N)/N,-4.59,-8.15,14,305.15,Human Abdominal Skin,Static,PBS/Saline,NC(N)=Nc1nc(CSCC/C(N)=N/S(N)(=O)=O)cs1
Urea,C(=O)(N)N,-4.37,-7.93,14,305.15,Human Abdominal Skin,Static,PBS/Saline,NC(N)=O
5-Aminolevulinic Acid,NCC(=O)CCC(=O)O,-4.15,-7.71,28,305.15,Human Abdominal Skin,Static,PBS/isotonic saline/Physiological saline,NCC(=O)CCC(=O)O
Baclofen,C1=CC(=CC=C1C(CC(=O)O)CN)Cl,-4.41,-7.97,105,305.15,Human Abdominal Skin,Static,PBS,NCC(CC(=O)O)c1ccc(Cl)cc1
Lysine,C(CCN)C[C@@H](C(=O)O)N,-3.77,-7.33,28,305.15,Human Abdominal Skin,Static,PBS/isotonic saline/Physiological saline,NCCCC[C@H](N)C(=O)O
Ethanolamine,NCCO,-4.02,-7.58,50,305.15,Human Abdominal Skin,Static,PBS,NCCO
Dopamine,C1=CC(=C(C=C1CCN)O)O,-3.98,-7.54,28,305.15,Human Abdominal Skin,Static,PBS/isotonic saline/Physiological saline,NCCc1ccc(O)c(O)c1
Phenylethylamine,C1=CC=C(C=C1)CCN,-3.77,-7.33,105,305.15,Human Abdominal Skin,Static,PBS,NCCc1ccccc1
Aspartic Acid,C([C@@H](C(=O)O)N)C(=O)O,-3.95,-7.51,109,305.15,Human Abdominal Skin,Static,PBS,N[C@@H](CC(=O)O)C(=O)O
Levodopa,C1=CC(=C(C=C1C[C@@H](C(=O)O)N)O)O,-4.17,-7.73,28,305.15,Human Abdominal Skin,Static,PBS/isotonic saline/Physiological saline,N[C@@H](Cc1ccc(O)c(O)c1)C(=O)O
Histidine,N[C@@H](CC1=CN=CN1)C(=O)O,-4.35,-7.91,28,305.15,Human Abdominal Skin,Static,PBS/isotonic saline/Physiological saline,N[C@@H](Cc1cnc[nH]1)C(=O)O
2-Amino-4-Nitrophenol,C1=CC(=C(C=C1[N+](=O)[O-])N)O,-3.18,-6.74,28,305.15,Human Abdominal Skin,Static,PBS/Isotonic saline/Physiological saline,Nc1cc([N+](=O)[O-])ccc1O
P-Aminobenzoic Acid,C1=CC(=CC=C1C(=O)O)N,-3.36,-6.92,28,305.15,Human Abdominal Skin,Static,PBS/isotonic saline/Physiological saline,Nc1ccc(C(=O)O)cc1
Mda,C1=CC(=CC=C1CC2=CC=C(C=C2)N)N,-3.57,-7.13,47,305.15,Human Abdominal Skin,Static/Stirred,PBS/Saline,Nc1ccc(Cc2ccc(N)cc2)cc1
4-Chloro-M-Phenylenediamine,C1=CC(=C(C=C1N)N)Cl,-2.83,-6.39,110,305.15,Human Abdominal Skin/Stratum Corneum,Static,PBS,Nc1ccc(Cl)c(N)c1
P-Chloroaniline,C1=CC(=CC=C1N)Cl,-1.44,-5.0,26,305.15,Human Abdominal Skin,Static,PBS (pH 7.4) + 0.02% sodium azide,Nc1ccc(Cl)cc1
2-Nitro-P-Phenylenediamine,C1=CC(=C(C=C1N)[N+](=O)[O-])N,-3.3,-6.86,50,305.15,Human Abdominal Skin,Static,PBS,Nc1ccc(N)c([N+](=O)[O-])c1
4-Phenylenediamine,C1=CC(=CC=C1N)N,-3.62,-7.18,50,305.15,Human Abdominal Skin,Static,PBS,Nc1ccc(N)cc1
Hc Red No. 3,C1=CC(=C(C=C1N)[N+](=O)[O-])NCCO,-2.52,-6.08,26,305.15,Human Abdominal Skin,Static,PBS (pH 7.4) + 0.02% sodium azide,Nc1ccc(NCCO)c([N+](=O)[O-])c1
4-Amino-2-Nitrophenol,C1=CC(=C(C=C1N)[N+](=O)[O-])O,-2.55,-6.11,28,305.15,Human Abdominal Skin,Static,PBS/isotonic saline/Physiological saline,Nc1ccc(O)c([N+](=O)[O-])c1
P-Aminophenol,C1=CC(=CC=C1N)O,-2.17,-5.73,26,305.15,Human Abdominal Skin,Static,PBS (pH 7.4) + 0.02% sodium azide,Nc1ccc(O)cc1
4-Amino-3-Nitrophenol,C1=CC(=C(C=C1O)[N+](=O)[O-])N,-2.27,-5.82,26,305.15,Human Abdominal Skin,Static,PBS (pH 7.4) + 0.02% sodium azide,Nc1ccc(O)cc1[N+](=O)[O-]
4-Nitro-O-Phenylenediamine,C1=CC(=C(C=C1[N+](=O)[O-])N)N,-2.13,-5.68,26,305.15,Human Abdominal Skin,Static,PBS (pH 7.4) + 0.02% sodium azide,Nc1ccc([N+](=O)[O-])cc1N
Aniline,C1=CC=C(C=C1)N,-2.65,-6.21,3,305.15,Abdominal Human Skin,Static/Stirred,phosphate-buffered saline,Nc1ccccc1
2-Phenylenediamine,C1=CC=C(C(=C1)N)N,-3.35,-6.91,50,305.15,Human Abdominal Skin,Static,PBS,Nc1ccccc1N
2-Aminophenol,C1=CC=C(C(=C1)N)O,0.49,-3.07,15,305.15,Abdominal Human Skin,Flow,Polychlorotrifluoroethylene,Nc1ccccc1O
Lamivudine,C1[C@H](O[C@H](S1)CO)N2C=CC(=NC2=O)N,-2.16,-5.72,28,305.15,Human Abdominal Skin,Static,PBS/isotonic saline/Physiological saline,Nc1ccn([C@@H]2CS[C@H](CO)O2)c(=O)n1
Cytarabine,C1=CN(C(=O)N=C1N)[C@H]2[C@H]([C@@H]([C@H](O2)CO)O)O,-5.3,-8.86,89,305.15,"Abdominoplasty, Abdomen",Franz Cell,PBS,Nc1ccn([C@@H]2O[C@H](CO)[C@@H](O)[C@@H]2O)c(=O)n1
Zalcitabine,C1C[C@@H](O[C@@H]1CO)N2C=CC(=NC2=O)N,-3.08,-6.64,28,305.15,Human Abdominal Skin,Static,PBS/isotonic saline/Physiological saline,Nc1ccn([C@H]2CC[C@@H](CO)O2)c(=O)n1
Acyclovir,C1=NC2=C(N1COCCO)N=C(NC2=O)N,-4.22,-7.78,28,305.15,Human Abdominal Skin,Static,PBS/isotonic saline/Physiological saline,Nc1nc2c(ncn2COCCO)c(=O)[nH]1
Water,O,-3.7,-7.26,2,303.15,Human Skin,Static/Stirred/Flow,saline solution/phosphate buffer/isotonic aqueous solution,O
Cyclophosphamide Monohydrate,C1CNP(=O)(OC1)N(CCCl)CCCl.O,-2.82,-6.38,26,305.15,Human Abdominal Skin,Static,PBS (pH 7.4) + 0.02% sodium azide,O.O=P1(N(CCCl)CCCl)NCCCO1
Haloperidol,C1CN(CCC1(C2=CC=C(C=C2)Cl)O)CCCC(=O)C3=CC=C(C=C3)F,-3.47,-7.03,102,310.15,"Cadaver, Abdomen",Franz Cell,PBS,O=C(CCCN1CCC(O)(c2ccc(Cl)cc2)CC1)c1ccc(F)cc1
Nicorandil,C1=CC(=CN=C1)C(=O)NCCO[N+](=O)[O-],-3.66,-7.22,109,305.15,Human Abdominal Skin,Static,PBS,O=C(NCCO[N+](=O)[O-])c1cccnc1
Trans-Cinnamic Acid,C1=CC=C(C=C1)/C=C/C(=O)O,-2.47,-6.03,26,305.15,Human Abdominal Skin,Static,PBS (pH 7.4) + 0.02% sodium azide,O=C(O)/C=C/c1ccccc1
Dibromoacetic Acid,C(C(=O)O)(Br)Br,-2.01,-5.57,14,305.15,Human Abdominal Skin,Static,PBS/Saline,O=C(O)C(Br)Br
Trichloroacetic Acid,C(=O)(C(Cl)(Cl)Cl)O,-2.72,-6.28,28,305.15,Human Abdominal Skin,Static,PBS/isotonic saline/Physiological saline,O=C(O)C(Cl)(Cl)Cl
Bromochloroacetic Acid,ClC(C(=O)O)Br,-2.79,-6.35,28,305.15,Human Abdominal Skin,Static,PBS/isotonic saline/Physiological saline,O=C(O)C(Cl)Br
Dichloroacetic Acid,ClC(Cl)C(=O)O,-2.19,-5.75,14,305.15,Human Abdominal Skin,Static,PBS/Saline,O=C(O)C(Cl)Cl
Perfluorooctanoic Acid,C(=O)(C(C(C(C(C(C(C(F)(F)F)(F)F)(F)F)(F)F)(F)F)(F)F)(F)F)O,-4.36,-7.91,61,310.15,Human Abdominal Skin,Flow,HEPES-buffered Hanks Balanced Salt Solution (HBSS),O=C(O)C(F)(F)C(F)(F)C(F)(F)C(F)(F)C(F)(F)C(F)(F)C(F)(F)F
Bromoacetic Acid,C(C(=O)O)Br,-2.45,-6.01,14,305.15,Human Abdominal Skin,Static,PBS/Saline,O=C(O)CBr
8-Phenylcaprylic Acid,C1=CC=CC=C1CCCCCCCC(=O)O,-2.04,-5.6,28,305.15,Human Abdominal Skin,Static,PBS/isotonic saline/Physiological saline,O=C(O)CCCCCCCc1ccccc1
7-Phenylheptanoic Acid,C1=CC=CC=C1CCCCCCC(=O)O,-0.3,-3.86,14,305.15,Human Abdominal Skin,Static,PBS/Saline,O=C(O)CCCCCCc1ccccc1
5-Phenylpentanoic Acid,C1=CC=CC=C1CCCCC(=O)O,-0.74,-4.3,14,305.15,Human Abdominal Skin,Static,PBS/Saline,O=C(O)CCCCc1ccccc1
4-Chlorobutyric Acid,C(CCCl)C(=O)O,-1.97,-5.53,26,305.15,Human Abdominal Skin,Static,PBS (pH 7.4) + 0.02% sodium azide,O=C(O)CCCCl
4-Phenylbutyric Acid,C1=CC=CC=C1CCCC(=O)O,-1.94,-5.5,28,305.15,Human Abdominal Skin,Static,PBS/isotonic saline/Physiological saline,O=C(O)CCCc1ccccc1
Tcep,C(CP(CCC(=O)O)CCC(=O)O)C(=O)O,1.29,-2.27,21,305.15,Abdominal/Back/Breast Human Skin,Stirred,aqueous solution / phosphate buffer,O=C(O)CCP(CCC(=O)O)CCC(=O)O
3-Phenyl-N-Propanoic Acid,C1=CC=CC=C1CCC(=O)O,-1.72,-5.28,28,305.15,Human Abdominal Skin,Static,PBS/isotonic saline/Physiological saline,O=C(O)CCc1ccccc1
Chloroacetic Acid,ClCC(=O)O,-2.41,-5.97,14,305.15,Human Abdominal Skin,Static,PBS/Saline,O=C(O)CCl
Calcein,C1=CC=C2C(=C1)C(=O)OC23C4=C(C=C(C(=C4)CN(CC(=O)O)CC(=O)O)O)OC5=C3C=C(C(=C5)O)CN(CC(=O)O)CC(=O)O,-5.1,-8.65,87,310.15,"Surgery, Abdomen",Static Franz Cell,PBS,O=C(O)CN(CC(=O)O)Cc1cc2c(cc1O)Oc1cc(O)c(CN(CC(=O)O)CC(=O)O)cc1C21OC(=O)c2ccccc21
Glyphosate,C(C(=O)O)NCP(=O)(O)O,-3.33,-6.89,101,310.15,Cadaver,Flow Through Cell,PBS,O=C(O)CNCP(=O)(O)O
Aceclofenac,C1=CC=C(C(=C1)CC(=O)OCC(=O)O)NC2=C(C=CC=C2Cl)Cl,-3.15,-6.71,28,305.15,Human Abdominal Skin,Static,PBS/isotonic saline/Physiological saline,O=C(O)COC(=O)Cc1ccccc1Nc1c(Cl)cccc1Cl
Thioglycolic Acid,C(C(=O)O)S,-1.69,-5.25,26,305.15,Human Abdominal Skin,Static,PBS (pH 7.4) + 0.02% sodium azide,O=C(O)CS
4-Hydroxyphenylacetic Acid,OC(=O)CC1=CC=C(C=C1)O,-2.6,-6.16,28,305.15,Human Abdominal Skin,Static,PBS/isotonic saline/Physiological saline,O=C(O)Cc1ccc(O)cc1
Diclofenac,C1=CC=C(C(=C1)CC(=O)O)NC2=C(C=CC=C2Cl)Cl,-3.45,-7.01,2,303.15,Human Skin,Static/Stirred/Flow,saline solution/phosphate buffer/isotonic aqueous solution,O=C(O)Cc1ccccc1Nc1c(Cl)cccc1Cl
Benzoic Acid,C1=CC=C(C=C1)C(=O)O,-2.48,-6.04,95,305.15,"Surgery, Abdomen, Breast",Static Franz Cell,"0.9% NaCl, 5% bovine serum albumine, 0.1% hexamycine in water",O=C(O)c1ccccc1
Flufenamic Acid,C1=CC=C(C(=C1)C(=O)O)NC2=CC=CC(=C2)C(F)(F)F,-2.88,-6.44,28,305.15,Human Abdominal Skin,Static,PBS/isotonic saline/Physiological saline,O=C(O)c1ccccc1Nc1cccc(C(F)(F)F)c1
Salicylic Acid,C1=CC=C(C(=C1)C(=O)O)O,-3.48,-7.04,2,303.15,Human Skin,Static/Stirred/Flow,saline solution/phosphate buffer/isotonic aqueous solution,O=C(O)c1ccccc1O
Nicotinic Acid,C1=CC(=CN=C1)C(=O)O,-4.62,-8.18,109,305.15,Human Abdominal Skin,Static,PBS,O=C(O)c1cccnc1
Isonicotinic Acid,C1=CN=CC=C1C(=O)O,-4.61,-8.17,53,310.15,"Abdominoplasty Or Mammaplasty, Abdomen, Breast",Franz Cell,PBS,O=C(O)c1ccncc1
Benzyl Nicotinate,C1=CC=C(C=C1)COC(=O)C2=CN=CC=C2,-1.31,-4.87,14,305.15,Human Abdominal Skin,Static,PBS/Saline,O=C(OCc1ccccc1)c1cccnc1
Ketorolac,C1CN2C(=CC=C2C(=O)C3=CC=CC=C3)C1C(=O)O,-2.04,-5.6,14,305.15,Human Abdominal Skin,Static,PBS/Saline,O=C(c1ccccc1)c1ccc2n1CCC2C(=O)O
Benzophenone,C1=CC=C(C=C1)C(=O)C2=CC=CC=C2,-1.41,-4.97,26,305.15,Human Abdominal Skin,Static,PBS (pH 7.4) + 0.02% sodium azide,O=C(c1ccccc1)c1ccccc1
Trans-Cinnamaldehyde,C1=CC=C(C=C1)/C=C/C=O,-1.54,-5.09,26,305.15,Human Abdominal Skin,Static,PBS (pH 7.4) + 0.02% sodium azide,O=C/C=C/c1ccccc1
Cyclohexanone,C1CCC(=O)CC1,-2.74,-6.3,3,305.15,Abdominal Human Skin,Static/Stirred,phosphate-buffered saline,O=C1CCCCC1
4-Bromophenyl Isocyanate,C1=CC(=CC=C1Br)N=C=O,-2.04,-5.6,26,305.15,Human Abdominal Skin,Static,PBS (pH 7.4) + 0.02% sodium azide,O=C=Nc1ccc(Br)cc1
Formic Acid,C(=O)O,-3.52,-7.08,50,305.15,Human Abdominal Skin,Static,PBS,O=CO
Benzaldehyde,C1=CC=C(C=C1)C=O,-0.95,-4.51,14,305.15,Human Abdominal Skin,Static,PBS/Saline,O=Cc1ccccc1
N-Nitrosodiethanolamine,C(CO)N(CCO)N=O,-5.22,-8.78,1,305.15,Human Abdominal Skin,Static/Flow/Side-By-Side,phosphate-buffered saline/physiological saline,O=NN(CCO)CCO
Tdcipp,C(C(CCl)OP(=O)(OC(CCl)CCl)OC(CCl)CCl)Cl,0.26,-3.3,21,305.15,Abdominal/Back/Breast Human Skin,Stirred,aqueous solution / phosphate buffer,O=P(OC(CCl)CCl)(OC(CCl)CCl)OC(CCl)CCl
Tphp,C1=CC=C(C=C1)OP(=O)(OC2=CC=CC=C2)OC3=CC=CC=C3,0.08,-3.48,21,305.15,Abdominal/Back/Breast Human Skin,Stirred,aqueous solution / phosphate buffer,O=P(Oc1ccccc1)(Oc1ccccc1)Oc1ccccc1
Bisphenol S,C1=CC(=CC=C1O)S(=O)(=O)C2=CC=C(C=C2)O,-6.19,-9.75,93,305.65,"Surgery, Abdomen",Static Franz Cell,"RPMI 1640 with gentamycine, penicillin, streptomycin and 2% BSA",O=S(=O)(c1ccc(O)cc1)c1ccc(O)cc1
Nitroglycerin,C(C(CO[N+](=O)[O-])O[N+](=O)[O-])O[N+](=O)[O-],-1.96,-5.52,105,305.15,Human Abdominal Skin,Static,PBS,O=[N+]([O-])OCC(CO[N+](=O)[O-])O[N+](=O)[O-]
Isosorbide 5-Mononitrate,C1[C@@H]([C@@H]2[C@H](O1)[C@@H](CO2)O[N+](=O)[O-])O,-3.4,-6.96,28,305.15,Human Abdominal Skin,Static,PBS/isotonic saline/Physiological saline,O=[N+]([O-])O[C@@H]1CO[C@H]2[C@@H]1OC[C@@H]2O
Isosorbide Dinitrate,C1[C@H]([C@@H]2[C@H](O1)[C@H](CO2)O[N+](=O)[O-])O[N+](=O)[O-],-1.94,-5.5,28,305.15,Human Abdominal Skin,Static,PBS/isotonic saline/Physiological saline,O=[N+]([O-])O[C@H]1CO[C@H]2[C@@H]1OC[C@H]2O[N+](=O)[O-]
"2,4-Dinitrochlorobenzene",C1=CC(=C(C=C1[N+](=O)[O-])[N+](=O)[O-])Cl,-1.54,-5.1,26,305.15,Human Abdominal Skin,Static,PBS (pH 7.4) + 0.02% sodium azide,O=[N+]([O-])c1ccc(Cl)c([N+](=O)[O-])c1
4-Nitrophenol,C1=CC(=CC=C1[N+](=O)[O-])O,-2.25,-5.81,1,305.15,Human Abdominal Skin,Static/Flow/Side-By-Side,phosphate-buffered saline/physiological saline,O=[N+]([O-])c1ccc(O)cc1
3-Nitrophenol,C1=CC(=CC(=C1)[N+](=O)[O-])O,-2.25,-5.81,1,305.15,Human Abdominal Skin,Static/Flow/Side-By-Side,phosphate-buffered saline/physiological saline,O=[N+]([O-])c1cccc(O)c1
Nitrobenzene,C1=CC=C(C=C1)[N+](=O)[O-],-1.29,-4.85,26,305.15,Human Abdominal Skin,Static,PBS (pH 7.4) + 0.02% sodium azide,O=[N+]([O-])c1ccccc1
5-Fluorouracil,C1=C(C(=O)NC(=O)N1)F,-4.17,-7.73,109,305.15,Human Abdominal Skin,Static,PBS,O=c1[nH]cc(F)c(=O)[nH]1
Coumarin,O=C1OC2=CC=CC=C2C=C1,-2.04,-5.6,14,305.15,Human Abdominal Skin,Static,PBS/Saline,O=c1ccc2ccccc2o1
Boric Acid,B(O)(O)O,-3.64,-7.2,78,273.15,"Cadaver, Thigh",Flow Through Cell,PBS,OB(O)O
Chloral Hydrate,C(C(Cl)(Cl)Cl)(O)O,-2.41,-5.97,14,305.15,Human Abdominal Skin,Static,PBS/Saline,OC(O)C(Cl)(Cl)Cl
Cinnamyl Alcohol,C1=CC=C(C=C1)/C=C/CO,-1.48,-5.04,26,305.15,Human Abdominal Skin,Static,PBS (pH 7.4) + 0.02% sodium azide,OC/C=C/c1ccccc1
5-Phenylpentanol,C1=CC=CC=C1CCCCC(O),-0.94,-4.5,28,305.15,Human Abdominal Skin,Static,PBS/isotonic saline/Physiological saline,OCCCCCc1ccccc1
4-Phenylbutanol,C1=CC=CC=C1CCCCO,-1.08,-4.64,28,305.15,Human Abdominal Skin,Static,PBS/isotonic saline/Physiological saline,OCCCCc1ccccc1
Diethanolamine,N(CCO)CCO,-4.38,-7.94,3,305.15,Abdominal Human Skin,Static/Stirred,phosphate-buffered saline,OCCNCCO
Ethylene Glycol,OCCO,-4.07,-7.63,3,305.15,Abdominal Human Skin,Static/Stirred,phosphate-buffered saline,OCCO
2-Phenoxyethanol,C1=CC=C(C=C1)OCCO,-2.88,-6.44,47,305.15,Human Abdominal Skin,Static/Stirred,PBS/Saline,OCCOc1ccccc1
2-Phenylethanol,C1=CC=C(C=C1)CCO,-1.72,-5.28,28,305.15,Human Abdominal Skin,Static,PBS/isotonic saline/Physiological saline,OCCc1ccccc1
Mannitol,C([C@H]([C@H]([C@@H]([C@@H](CO)O)O)O)O)O,-4.86,-8.42,14,305.15,Human Abdominal Skin,Static,PBS/Saline,OC[C@@H](O)[C@@H](O)[C@H](O)[C@H](O)CO
Sucrose,C([C@@H]1[C@H]([C@@H]([C@H]([C@H](O1)O[C@]2([C@H]([C@@H]([C@H](O2)CO)O)O)CO)O)O)O)O,-5.28,-8.84,1,305.15,Human Abdominal Skin,Static/Flow/Side-By-Side,phosphate-buffered saline/physiological saline,OC[C@H]1O[C@@](CO)(O[C@H]2O[C@H](CO)[C@@H](O)[C@H](O)[C@H]2O)[C@@H](O)[C@@H]1O
Raffinose,C([C@@H]1[C@@H]([C@@H]([C@H]([C@H](O1)OC[C@@H]2[C@H]([C@@H]([C@H]([C@H](O2)O[C@]3([C@H]([C@@H]([C@H](O3)CO)O)O)CO)O)O)O)O)O)O)O,-4.81,-8.37,28,305.15,Human Abdominal Skin,Static,PBS/isotonic saline/Physiological saline,OC[C@H]1O[C@H](OC[C@H]2O[C@H](O[C@]3(CO)O[C@H](CO)[C@@H](O)[C@@H]3O)[C@H](O)[C@@H](O)[C@@H]2O)[C@H](O)[C@@H](O)[C@H]1O
4-Hydroxybenzyl Alcohol,OCc1ccc(O)cc1,-2.7,-6.26,28,305.15,Human Abdominal Skin,Static,PBS/isotonic saline/Physiological saline,OCc1ccc(O)cc1
Benzyl Alcohol,C1=CC=C(C=C1)CO,-2.22,-5.78,1,305.15,Human Abdominal Skin,Static/Flow/Side-By-Side,phosphate-buffered saline/physiological saline,OCc1ccccc1
"2,4,6-Trichlorophenol",C1=C(C=C(C(=C1Cl)O)Cl)Cl,-1.23,-4.79,1,305.15,Human Abdominal Skin,Static/Flow/Side-By-Side,Phosphate-buffered saline/Physiological saline,Oc1c(Cl)cc(Cl)cc1Cl
Triclosan,C1=CC(=C(C=C1Cl)O)OC2=C(C=C(C=C2)Cl)Cl,-4.47,-8.03,9,310.15,Breast And Abdomen,Static,ethanol : PBS (25 : 75),Oc1cc(Cl)ccc1Oc1ccc(Cl)cc1Cl
Phloroglucinol,C1=C(C=C(C=C1O)O)O,-2.31,-5.87,14,305.15,Human Abdominal Skin,Static,PBS/Saline,Oc1cc(O)cc(O)c1
4-Bromophenol,C1=CC(=CC=C1Br)O,-1.44,-5.0,1,305.15,Human Abdominal Skin,Static/Flow/Side-By-Side,phosphate-buffered saline/physiological saline,Oc1ccc(Br)cc1
4-Chlorophenol,C1=CC(=CC=C1Cl)O,-1.44,-5.0,1,305.15,Human Abdominal Skin,Static/Flow/Side-By-Side,phosphate-buffered saline/physiological saline,Oc1ccc(Cl)cc1
"2,4-Dichlorophenol",C1=CC(=C(C=C1Cl)Cl)O,-1.22,-4.78,1,305.15,Human Abdominal Skin,Static/Flow/Side-By-Side,Phosphate-buffered saline/Physiological saline,Oc1ccc(Cl)cc1Cl
"1,2,4-Benzenetriol",C1=CC(=C(C=C1O)O)O,-3.9,-7.46,30,310.15,"Abdominoplasty, Abdomen",Franz Cell,PBS,Oc1ccc(O)c(O)c1
Hydroquinone,C1=CC(=CC=C1O)O,-2.75,-6.31,14,305.15,Human Abdominal Skin,Static,PBS/Saline,Oc1ccc(O)cc1
2-Naphthol,C1=CC=C2C=C(C=CC2=C1)O,-1.55,-5.11,50,305.15,Human Abdominal Skin,Static,PBS,Oc1ccc2ccccc2c1
Resorcinol,C1=CC(=CC(=C1)O)O,-3.62,-7.18,1,305.15,Human Abdominal Skin,Static/Flow/Side-By-Side,phosphate-buffered saline/physiological saline,Oc1cccc(O)c1
Pyrogallol,C1=CC(=C(C(=C1)O)O)O,-2.61,-6.17,14,305.15,Human Abdominal Skin,Static,PBS/Saline,Oc1cccc(O)c1O
1-Naphthol,C1=CC=C2C(=C1)C=CC=C2O,-1.55,-5.11,50,305.15,Human Abdominal Skin,Static,PBS,Oc1cccc2ccccc12
Phenol,C1=CC=C(C=C1)O,-2.09,-5.65,1,305.15,Human Abdominal Skin,Static/Flow/Side-By-Side,phosphate-buffered saline/physiological saline,Oc1ccccc1
2-Phenylphenol,C1=CC=C(C=C1)C2=CC=CC=C2O,-2.8,-6.36,43,305.15,Abdomen,Static,0.9% NaCl + 0.01% sodium azide + 3% BSA,Oc1ccccc1-c1ccccc1
2-Chlorophenol,C1=CC=C(C(=C1)O)Cl,-1.48,-5.04,1,305.15,Human Abdominal Skin,Static/Flow/Side-By-Side,phosphate-buffered saline/physiological saline,Oc1ccccc1Cl
Catechol,C1=CC(=C(C=C1)O)O,-2.77,-6.33,3,305.15,Abdominal Human Skin,Static/Stirred,phosphate-buffered saline,Oc1ccccc1O
Nickel,[Ni],-3.21,-6.77,24,305.15,Human Abdominal Full Thickness Skin,Flow,0.9% NaCl physiological saline,[Ni]
Phenylglycidyl Ether,C1C(O1)COC2=CC=CC=C2,-2.84,-6.4,3,305.15,Abdominal Human Skin,Static/Stirred,phosphate-buffered saline,c1ccc(OCC2CO2)cc1
Levamisole,C1CSC2=N[C@H](CN21)C3=CC=CC=C3,-2.11,-5.67,28,305.15,Human Abdominal Skin,Static,PBS/isotonic saline/Physiological saline,c1ccc([C@H]2CN3CCSC3=N2)cc1
Naphthalene,C1=CC=C2C=CC=CC2=C1,-2.05,-5.61,26,305.15,Human Abdominal Skin,Static,PBS (pH 7.4) + 0.02% sodium azide,c1ccc2ccccc2c1
Isoquinoline,C1=CC=C2C=CN=CC2=C1,-1.78,-5.34,1,305.15,Human Abdominal Skin,Static/Flow/Side-By-Side,phosphate-buffered saline/physiological saline,c1ccc2cnccc2c1
Benzene,C1=CC=CC=C1,-0.95,-4.51,2,303.15,Human Skin,Static/Stirred/Flow,saline solution/phosphate buffer/isotonic aqueous solution,c1ccccc1
Pyridine,C1=CC=NC=C1,-2.74,-6.3,3,305.15,Abdominal Human Skin,Static/Stirred,phosphate-buffered saline,c1ccncc1
